Unnamed: 0,_id,iterationName,gameid,time,assignmentId,leftTarget,rightTarget,turnNum,repNum,score,gameID,nativeEnglish,isHuman,confused,comments,strategy,role,totalLength,eventType,individualPracticeAttempts,pairedPracticeFails,flagged
0,5ef78980ce2f7f58fcd0a621,pilot0,1494-029e2297-bd3f-4cfe-be00-d06d36724e4e,1593280896816.0,3QIYRE09Y7HFZO5N53UJJLRWGEHN1N,Pi,L,0,3.0,83,A2Y7RA3JIQXV6M,yes,human,yes,No,My strategy is to follow the architect's word~~~,listener,1587778,exitSurvey,,,False
1,5ef7899cce2f7f58fcd0a634,pilot0,1494-029e2297-bd3f-4cfe-be00-d06d36724e4e,1593280924026.0,3E47SOBEYUW78Q4UOK6BV9E6YCECIM,Pi,L,0,3.0,83,AH00EJ6PK1H3A,yes,human,yes,All was clear and worked as it should~~~ Thanks for the opportunity~~~,I tried to shorthand my instructions over time as me and the builder learned the standard shapes being asked of us~~~,speaker,1698709,exitSurvey,,,False
0,5ef793b2ce2f7f58fcd0a9bc,pilot0,2391-2f396ec8-517f-4681-b366-51f930bcac22,1593283506968.0,3DR23U6WE9ECE24JENBAZ4GIU57ETY,C,L,0,3.0,84,AT6LDQNLKTUSE,yes,human,yes,Yes~~~ This HIT took 72 minutes~~~ You said it would take 25~~~ I feel very deceived~~~,I tried to follow directions to the best of my ability~~~,listener,3114040,exitSurvey,,,False
1,5ef793e3ce2f7f58fcd0a9bd,pilot0,2391-2f396ec8-517f-4681-b366-51f930bcac22,1593283555161.0,32EYX73OY49GNJOD0YLK3713S84RUF,C,L,0,3.0,84,A37XBH865833FE,yes,human,yes,"Ir an out of time to submit HIT, you should have given more time~~~",Describe in detail where to place them and use same wording over again~~~,speaker,3176318,exitSurvey,,,False
0,5ef78a90ce2f7f58fcd0a6e8,pilot0,2461-b9a83dc7-d6fc-4939-a889-9d4739a87dc6,1593281168204.0,338JKRMM2AZJJGWCYOSZP2N3YWEHAW,Pi,L,0,3.0,15,A2J18K5IUQ2K4G,yes,program,yes,no,"i tried my best to communicate the proper configuration, but it was very difficult and my partner was not very capable",speaker,1752698,exitSurvey,,,False
1,5ef78ac9ce2f7f58fcd0a70e,pilot0,2461-b9a83dc7-d6fc-4939-a889-9d4739a87dc6,1593281224998.0,3N4BPTXIOCSU0FBIAECN2VFPXGAUKP,Pi,L,0,3.0,15,A2QNVAMUHLUVMU,yes,human,yes,It was almost impossible to get a bonus because I was unable to place the blocks correctly~~~ I feel that we should still receive a bonus for the time spent on this HIT~~~,I'm sure this was part of the research but it was frustrating because the architect would give me commands that I could not physically do~~~ I could only place 2 blocks at a time and they would want 3 or 5~~~ They would want the blocks up in the air but I could only place them on top of other blocks or at the bottom~~~ I tried to do what they said as best as I could~~~,listener,1794699,exitSurvey,,,False
0,5ef788b5ce2f7f58fcd0a58f,pilot0,3224-ea79f879-98a3-43a8-8976-f941c8b8790d,1593280693761.0,3VHP9MDGRRKNYZ24NC0QSC1EIKMCFV,C,L,0,3.0,115,A2GV9WSNSPX53,yes,human,yes,"It was a little laggy, but it worked out in the end~~~",Try and get the 3 basic shapes down at the beginning and use that prior knowledge to make the instructions more simplistic in future trials~~~,speaker,1340685,exitSurvey,,,False
1,5ef788c9ce2f7f58fcd0a59c,pilot0,3224-ea79f879-98a3-43a8-8976-f941c8b8790d,1593280713417.0,3KJYX6QCMDBZ2AU0XJMGX2HVWYJJV4,C,L,0,3.0,115,A3TBR9GIXU42DM,yes,human,yes,,I tried my best to follow the Architect player's directions~~~ Once I took an extra turn for clarification~~~ We really hit the swing of things once A~~~ developed their own terms for the different tower shapes~~~,listener,1321253,exitSurvey,,,False
0,5ef78b0dce2f7f58fcd0a72b,pilot0,3300-92747c2e-ca2a-48cd-996a-54fde9f489be,1593281293908.0,3DY4FPOOA5OG0YDD5OVPZT3M6FDRV4,Pi,C,0,3.0,115,A1O8D22H0D03W1,yes,human,yes,Interesting experiment,by seeing the architect's symbol response,listener,1399902,exitSurvey,,,False
1,5ef78de0ce2f7f58fcd0a802,pilot0,3300-92747c2e-ca2a-48cd-996a-54fde9f489be,1593282016494.0,3UXUOQ9OKIXMQRQ0LF6NYPY9KTIA7N,Pi,C,0,3.0,115,ACWVHNV57A8IJ,yes,human,yes,Extremely interesting experiment~~~,By showing them the block using symbols from alphabet~~~,speaker,2125576,exitSurvey,,,False
0,5ef79081ce2f7f58fcd0a947,pilot0,3878-afb0aafe-768b-485b-9e69-251a58fcf3ff,1593282689641.0,3EICBYG648W331O062RB7AT6BR3CJY,C,L,0,3.0,107,A3ERKH1ZX3VH0Z,yes,human,yes,No,team work and understanding strategy,speaker,2927264,exitSurvey,,,False
1,5ef790a3ce2f7f58fcd0a955,pilot0,3878-afb0aafe-768b-485b-9e69-251a58fcf3ff,1593282723987.0,3PJ71Z61R82UAM1T4TBE1KWCBP191B,C,L,0,3.0,107,A1CY7IOJ9YH136,yes,human,yes,No,"Trying to coordinate with the architect, then simplifying as much as possible~~~",listener,2917601,exitSurvey,,,False
0,5ef78c6fce2f7f58fcd0a7ae,pilot0,7109-2ef42705-61df-4552-a6ce-e9e6966dd760,1593281647277.0,30H4UDGLT6ICYY3PE4Q972KUE4DPMT,Pi,L,0,3.0,107,AP9WIQ4P78XLH,yes,human,yes,No issues that I saw~~~ Thanks!,"Once we got the basic shapes down, we were able to functionalize them with a minimum of communication~~~",speaker,1583958,exitSurvey,,,False
1,5ef78c90ce2f7f58fcd0a7b4,pilot0,7109-2ef42705-61df-4552-a6ce-e9e6966dd760,1593281680035.0,3PZDLQMM0XL3X5QSZHLJ8T7P9GI2C2,Pi,L,0,3.0,107,A2WDF40FA670T9,yes,human,yes,,"The architect started by giving block instructions, somewhat badly, then learned what the forms were called and told me what forms to build~~~  I built them according to past builds in the beginning of the game~~~",listener,1610202,exitSurvey,,,False
0,5ef79167ce2f7f58fcd0a983,pilot0,9387-db1af5ad-b089-48ad-a730-baee40f08177,1593282919894.0,3R0T90IZ1WCTCZYZYW68AX1QJZMCGU,Pi,L,0,3.0,104,ABNH026RZU28C,yes,human,yes,nothing problem,good communication with chatting,speaker,1143242,exitSurvey,,,False
1,5ef79173ce2f7f58fcd0a985,pilot0,9387-db1af5ad-b089-48ad-a730-baee40f08177,1593282931765.0,3HRMW88U1AQ9AHZ5XJBJS1JM6W30MZ,Pi,L,0,3.0,104,A4LFXI796SAOA,yes,human,yes,no  issue,good communication with chat the another player,listener,1146262,exitSurvey,,,False
0,5ef7ffc9ce2f7f58fcd0aa5e,pilot1,5632-f55ecbec-05f2-4071-9d8d-1920fb8401f9,1593311177609.0,32UTUBMZ7KWTKRWO9R9ZZEYIOVMBVR,C,L,0,3.0,173,AVBRJBJONL47I,yes,human,yes,no,"Once we figured out how we worked together, I was able to identify the shapes so that I just had to describe which shape it was and they were able to complete it~~~",speaker,1632230,exitSurvey,,,False
1,5ef7ffdece2f7f58fcd0aa5f,pilot1,5632-f55ecbec-05f2-4071-9d8d-1920fb8401f9,1593311198433.0,3ZY8KE4ISN3GOXYDS96PU3THAVNQVI,C,L,0,3.0,173,A12FTSX85NQ8N9,yes,human,yes,"I didn't notice any problems, it all worked smoothly! :)","Well the other player figured out easily identifiable names to call each of the three shapes, so once we built one of the shapes a few times they could just name which shape was being made on which side",listener,1646197,exitSurvey,,,False
0,5f403fc10f92420bdd8795e4,pilot1,8674-b847a9b8-a4f4-4215-9456-0b353e97b52a,1598046145043.0,,Pi,L,0,3.0,340,2198-3a35b1f7-3e9a-4e69-be56-a9fb87e90f85,no,human,no,ar,aerv,speaker,226673,exitSurvey,,,False
0,5efa3464ce2f7f58fcd0b1ee,pilot2,0662-7a9212c9-5aa7-44de-9ed7-4663c56562d2,1593455716904.0,3JC6VJ2SAFJ73NCHXMRQ05KDTXKA5P,Pi,L,0,3.0,240,A2YGOORS5N9RW8,yes,human,yes,no problems,"i tried to be as detailed as possible in the beginning~~~ then once we got the hand of things, i would give more simple instructions based on my previous instructions",speaker,1751374,exitSurvey,,,False
1,5efa3487ce2f7f58fcd0b1fa,pilot2,0662-7a9212c9-5aa7-44de-9ed7-4663c56562d2,1593455751623.0,33M4IA01QK184NI853W7NE07M0IRXO,Pi,L,0,3.0,240,A2A4Q3XU50SBE2,yes,human,yes,"I think the architect deserves a bigger bonus than I do, they did a great job~~~",I followed instructions and we quickly developed a shorthand because my partner was amazing~~~,listener,1669782,exitSurvey,,,False
0,5ef96f0dce2f7f58fcd0aeb6,pilot2,1959-2f467add-c0d9-49a6-b35c-c5a40cca728d,1593405197046.0,324G5B4FB78QPESITD9U9JMWBDU70T,Pi,C,0,3.0,0,AT3ZTDZVK77F9,yes,human,yes,no,no,listener,1767953,exitSurvey,,,False
1,5ef96f87ce2f7f58fcd0aeb8,pilot2,1959-2f467add-c0d9-49a6-b35c-c5a40cca728d,1593405319987.0,3ON104KXQOWMEHBKKM48D2BQLGJ4W8,Pi,C,0,3.0,0,A3N0QZ9ZKUCTCQ,yes,human,yes,,I described the instructions to my partner following a guideline of what to placed but I'm not sure they can understand English~~~,speaker,1993955,exitSurvey,,,False
0,5efa3093ce2f7f58fcd0b0c4,pilot2,2083-6615b44d-57a8-4953-beca-afa15df0c195,1593454739233.0,3RKNTXVS3QYP748HJH8GVDEZT1PA4K,C,L,0,3.0,175,A1WS9UHL45VZ0X,yes,human,yes,"No, it was fun, thank you!",I tried to give the structures names so my partner would have an idea of what they were supposed to look like~~~,speaker,2026208,exitSurvey,,,True
1,5efa30bace2f7f58fcd0b0d1,pilot2,2083-6615b44d-57a8-4953-beca-afa15df0c195,1593454778835.0,33PPUNGG3C5X9IIN6LKSKZGIU0GRZL,C,L,0,3.0,175,A3C8JI69WPTKWH,yes,human,yes,,I tried to interpret my partner the best I can and work quickly to try to not run out of time~~~,listener,2019333,exitSurvey,,,True
0,5efa1d7dce2f7f58fcd0af88,pilot2,3086-e9f8b532-4969-4703-852e-f6f029d281e2,1593449853700.0,3GM6G9ZBKRXAQQWWVLZTCCLR3HLTM9,C,L,0,3.0,165,A3K9GTQBOI7O5A,yes,human,yes,No,I tried to follow the instructions of the other player carefully,listener,2724794,exitSurvey,,,False
1,5efa1dd4ce2f7f58fcd0af89,pilot2,3086-e9f8b532-4969-4703-852e-f6f029d281e2,1593449940452.0,32EYX73OY49GNJOD0YLK3713SIRRUM,C,L,0,3.0,165,A37R0JYAB3QEX9,yes,human,yes,no,I tried to use the grid to get started and then explain where to continue the blocks~~~  I also used letters to explain what the shape should look like,speaker,3134273,exitSurvey,,,False
0,5ef91f6ece2f7f58fcd0ab99,pilot2,4282-2568ede7-963d-4fee-ab15-b69e472ef360,1593384814850.0,37UQDCYH61V6IFTYWAXJUCCM58AV7A,C,L,0,3.0,70,AJ4T7PTRYNSUW,yes,human,yes,,Just trying to follow the directions from my partner I thought he was looking at the grid going up was lettered a - f  and then each space horizontally was a number~~~,listener,2711402,exitSurvey,,,False
1,5ef91f9dce2f7f58fcd0ab9a,pilot2,4282-2568ede7-963d-4fee-ab15-b69e472ef360,1593384861802.0,3EQHHY4HQWS8DEPKJMJ0WRVGRNS5GH,C,L,0,3.0,70,A1OM5NWYYYJKQW,yes,program,yes,"no, it was fun~~~ It took me a minute to get it~~~",I took graphing in school so I used labels~~~ I told my partner a is horizontal so then numbers would be vertical,speaker,3274851,exitSurvey,,,False
0,5efa3596ce2f7f58fcd0b239,pilot2,4909-705b801e-4ec3-4910-b180-bb7612d80f25,1593456022039.0,3LJ7UR74RLDWRN26SLDLHJYZS8ON4H,Pi,C,0,3.0,229,A1JZOOVYE1K4R3,yes,human,yes,"No problems, experiment was fun and ran great!","I was trying to give instructions to build from the bottom up~~~  I started with the left tower, then did the right~~~",speaker,2963935,exitSurvey,,,False
1,5efa35a2ce2f7f58fcd0b23a,pilot2,4909-705b801e-4ec3-4910-b180-bb7612d80f25,1593456034192.0,354P56DE9O3QQNCU2FSEJPSF69M7SX,Pi,C,0,3.0,229,A2196WCNDZULFS,yes,human,yes,"No, it was really fun, thank you!","I just did what they said~~~ When I couldn't do what they said, I sent back a blank turn to tell them I couldn't do that~~~",listener,2424219,exitSurvey,,,False
0,5ef965a9ce2f7f58fcd0ac41,pilot2,5584-cb7536bf-73d0-4d3c-a0ec-2735882de660,1593402793782.0,3GU1KF0O4M1GF7ZSNF00TM902BXBPQ,C,L,0,3.0,0,A10VQA1XJOOKBS,yes,human,yes,no,nothing,speaker,971685,exitSurvey,,,False
1,5ef9660dce2f7f58fcd0ac4b,pilot2,5584-cb7536bf-73d0-4d3c-a0ec-2735882de660,1593402893142.0,3ERET4BTVQ9WGNNFC3HW6ZSBK1O9KD,C,L,0,3.0,0,A30KYQGABO7JER,no,program,yes,My counterpart was a bot~~~,I tried my best to build the towers~~~ My counterpart was not helpful~~~,listener,1017235,exitSurvey,,,False
0,5efa3621ce2f7f58fcd0b263,pilot2,5895-de8412be-4cb1-49e4-9c61-ca6a11481af8,1593456161174.0,3Z9WI9EOZ3OPVT5YAF5OJGQZ3I5HKS,Pi,C,0,3.0,194,A10JXOU89D5RXR,yes,program,yes,interesting,see how well the presumably AI learns,speaker,2447137,exitSurvey,,,False
1,5efa3655ce2f7f58fcd0b264,pilot2,5895-de8412be-4cb1-49e4-9c61-ca6a11481af8,1593456213015.0,3SKEMFQBZ75W2I457BBI63X00ZFK8G,Pi,C,0,3.0,194,A3KIC0UFTOB0MY,yes,program,yes,Clearer instructions on how to use the user interface would be appropriate~~~  Thank you for letting me participate!,"Figuring out the user interface was my initial strategy~~~  The ""architect"" was under the impression I could remove blocks when I could not~~~",listener,2286030,exitSurvey,,,False
0,5ef969dcce2f7f58fcd0ad5a,pilot2,6691-dee56275-2f4b-44b8-a47c-d4d41c945670,1593403868924.0,3YHH42UU5FFP4ZHKX7A4SO4X6X0L0H,C,L,0,3.0,0,A12UQ66L9I947W,yes,human,yes,NO,GOOD,listener,969252,exitSurvey,,,False
1,5ef969ecce2f7f58fcd0ad5f,pilot2,6691-dee56275-2f4b-44b8-a47c-d4d41c945670,1593403884323.0,3OXV7EAXLIQ326DATQML53K7JEL63F,C,L,0,3.0,0,A3URO83ST78FF5,yes,human,yes,good,good survey very interesting,speaker,1198861,exitSurvey,,,False
0,5ef9196ace2f7f58fcd0ab2b,pilot2,6753-24a4a6e7-e017-4cba-a068-8dea7af05cf2,1593383274670.0,3MAOD8E57UANPPQGCWFQEUVXLYNXNQ,Pi,C,0,3.0,225,A3FAF93BMDJLAL,yes,human,yes,No issues~~~,I tried to do exactly what they said and figure it out logically~~~,listener,1694888,exitSurvey,,,False
1,5ef919b1ce2f7f58fcd0ab31,pilot2,6753-24a4a6e7-e017-4cba-a068-8dea7af05cf2,1593383345488.0,3ATTHHXXWEOVBOFPFG2Y9MZGZZTXIA,Pi,C,0,3.0,225,A21JE325072629,no,human,yes,No,In the initial trials be descriptive and in the later trials just tell the builder the name of the shape,speaker,1852021,exitSurvey,,,False
0,5ef96ebdce2f7f58fcd0aeab,pilot2,8548-343a533f-0369-4b20-bbd4-a00f25359cea,1593405117341.0,3NAPMVF0Z0FXLOVW80D8S7FB8BE72D,Pi,L,0,3.0,0,A2PM9J8MEN5BHH,yes,human,yes,Nothing,building the tower,listener,1989794,exitSurvey,,,False
0,5efa47d0ce2f7f58fcd0b340,pilot2,9940-419571e8-f021-4083-9210-892897d2b4df,1593460688892.0,3JBT3HLQFC2CX528TTG3F4G3TIVZP4,Pi,L,0,3.0,80,AA4QUDJHEUKYX,yes,human,yes,no,some what good,speaker,3061166,exitSurvey,,,False
1,5efa47eece2f7f58fcd0b341,pilot2,9940-419571e8-f021-4083-9210-892897d2b4df,1593460718716.0,354P56DE9O3QQNCU2FSEJPSF69O7SZ,Pi,L,0,3.0,80,AXAO7UJYYEFCO,yes,human,yes,"My partner pretty much quit during it, didn't give detailed instructions, just told me to place them all in one go",place the blocks where they told me,listener,3061873,exitSurvey,,,False
0,5f47e06adf57f9222c29cd13,pilot3,5809-2a5e096b-a425-4bc7-b495-cf74cb60ded6,1598546026582.0,3IFS6Q0HJJXHBMAZNQA946Z5K1ZSIX,C,L,0,3.0,510,AT5YJD7SRZ8JG,yes,human,yes,I just had a hard time figuring out a strategy at first~~~,To give instructions for one shape at a time and tell them the shape if it resembles a letter,speaker,3169629,exitSurvey,0.0,,False
1,5f47e072df57f9222c29cd17,pilot3,5809-2a5e096b-a425-4bc7-b495-cf74cb60ded6,1598546034865.0,34S6N1K2ZWXUBE4PXZVNS8KVSUCHLF,C,L,0,3.0,510,A191V7PT3DQKDP,yes,human,yes,"It's a very interesting experiment~~~ Would be nice to play 6 as builder and 6 as Architect~~~
Thanks a lot",i just followed the instructions given by my partner,listener,3124052,exitSurvey,1.0,,False
0,5f47e0cadf57f9222c29cd26,pilot3,6598-80d65299-0654-43b4-9f27-08572427cb2d,1598546122784.0,3NQL1CS15SMJTE68L31H1HD09OWVYG,C,L,0,3.0,560,A34CPKFZXBX1PO,yes,human,yes,no,establish names for the shapes~~~,speaker,2647717,exitSurvey,1.0,,False
1,5f47e0dadf57f9222c29cd27,pilot3,6598-80d65299-0654-43b4-9f27-08572427cb2d,1598546138960.0,3GM6G9ZBKOB4M5D5X5DR64283TXMTW,C,L,0,3.0,560,AKK6H2YXK4RF6,yes,human,yes,No,My partner and I seemed to develop a kind of shorthand for describing the shapes and that made it a lot easier once we established that~~~,listener,2372126,exitSurvey,0.0,,False
0,5f4ff0d41034572e6687fce5,pilot4,0208-b497c845-b076-45c9-b958-a62a3ae6e65f,1599074516474.0,3634BBTX0SUEB2O4FMWC3FZA9LSIFX,Pi,C,0,,575,A2UP4TCLF892NV,yes,human,yes,no problems,"establish an x,y system and tell them where to place the pieces",speaker,2218627,exitSurvey,0.0,1.0,False
1,5f4ff0ea1034572e6687fce8,pilot4,0208-b497c845-b076-45c9-b958-a62a3ae6e65f,1599074538458.0,3ON104KXQOWMEHBKKM48D2BRZ6V4WG,Pi,C,0,,575,A3SJVR4BROAIJO,yes,human,yes,"The trial ran really slow, but the regular trials ran fine~~~","My partner came up with a great strategy to number the grid, which helped with the placement of each block~~~ We also came up with names for the shapes which helped me to place more blocks in each turn~~~",listener,1869375,exitSurvey,0.0,1.0,False
0,5f4fee161034572e6687fc49,pilot4,0741-0d5c3f38-e1fa-4a05-9f35-4a81c7cdbd71,1599073814974.0,379J5II41SGOVPWE5E9JDD62EO7LEW,C,L,0,,540,A1XVEKS9O73ERE,yes,human,yes,no,I did what my partner told me to do,listener,3020858,exitSurvey,1.0,0.0,False
1,5f4fee2b1034572e6687fc4c,pilot4,0741-0d5c3f38-e1fa-4a05-9f35-4a81c7cdbd71,1599073835938.0,38SKSKU7R5X0BUY01XZAYS4U6HEIL2,C,L,0,,540,A10IUXCZBNYUXC,yes,human,yes,"No problems, thanks",Trying to explain very carefully and not make mistakes~~~  One mistake throws the whole thing off~~~,speaker,3171108,exitSurvey,0.0,0.0,False
0,5f4ff9021034572e6687fdbc,pilot4,2299-81bf7587-5407-4d48-852c-8a98d73da3a6,1599076610144.0,3I0BTBYZA1L94YOJGMZUMW6UT2EY0S,C,L,0,,275,A2XOLPX3126H88,yes,human,yes,none,nice,listener,2786743,exitSurvey,1.0,1.0,False
1,5f4ff9691034572e6687fdbd,pilot4,2299-81bf7587-5407-4d48-852c-8a98d73da3a6,1599076713848.0,39LOEL67OW5Q6KWYM5JJPHGZ3ZW83K,C,L,0,,275,A13N0OUKC9MYHX,yes,human,yes,No problems,it was really interesting,speaker,3110792,exitSurvey,1.0,1.0,False
0,5f4ff3f91034572e6687fd54,pilot4,4244-cb63e4ee-2692-4273-8dcb-45c1cde2496a,1599075321334.0,3VNXK88KKGIAWYHRB7V3883TEPTV9F,Pi,L,0,,520,A2KLJKDG90K1PP,yes,human,yes,No~~~,No strategy~~~,listener,1875157,exitSurvey,0.0,0.0,False
1,5f4ff3fd1034572e6687fd55,pilot4,4244-cb63e4ee-2692-4273-8dcb-45c1cde2496a,1599075325114.0,3Y54SXRO1PLT3Y154NQF3M2MUP0UT2,Pi,L,0,,520,A3CH1Z6J9R38G9,yes,human,yes,nope,remember the shapes and communicate them to the other player,speaker,2371479,exitSurvey,1.0,0.0,False
0,5f518bd51034572e66880422,pilot4,4334-7f719cb4-3b13-45f8-881a-d0cb421d5356,1599179733410.0,3ITXP059P0JJAIDW3OHBMFXPB2QSJ5,Pi,L,0,,465,A1WVNDH62P2UNZ,yes,human,yes,No problems,Well i listened to my partners instructions and hope they were given right~~~,listener,3270325,exitSurvey,0.0,2.0,False
1,5f518be11034572e66880423,pilot4,4334-7f719cb4-3b13-45f8-881a-d0cb421d5356,1599179745958.0,3907X2AHF45MRUZW4M7PST6XM7V2PA,Pi,L,0,,465,A1U9YAKV28PNTX,yes,human,yes,no,yes but it failed,speaker,4213586,exitSurvey,0.0,2.0,False
0,5f5164f31034572e6688028a,pilot4,4548-d4f8915b-8223-4cc4-b5b4-889e40eb849f,1599169779676.0,3R6P78PK7OBAYG0AKI1YZ71VLSQGTF,Pi,C,0,,535,A3V2XCDF45VN9X,no,program,yes,no,follow the direction~~~,listener,3730421,exitSurvey,0.0,1.0,False
1,5f5166481034572e668802cb,pilot4,4548-d4f8915b-8223-4cc4-b5b4-889e40eb849f,1599170120511.0,33TIN5LC08AR0SCWGIINF77NWHD9Y6,Pi,C,0,,535,ANR0LIX0VLUYJ,yes,human,yes,"Short timer, and long waiting times~~~ But the experiment itself ran smoothly~~~","I developed a short but precise way to described where to locate the blocks, and continue to use across the whole experiment~~~",speaker,4225329,exitSurvey,0.0,1.0,False
0,5f5160af1034572e6688015c,pilot4,4978-4c585194-1823-46fc-989c-e6200c5d61e6,1599168687923.0,35GMH2SV3IHW1AZBI6PB5UAW94UOEK,Pi,L,0,,565,A2CHDWKAYZ3P3E,yes,human,yes,,I got to know the shapes then described them to my partner,speaker,1995981,exitSurvey,0.0,1.0,False
1,5f5160d01034572e6688016d,pilot4,4978-4c585194-1823-46fc-989c-e6200c5d61e6,1599168720433.0,3D3VGR7TA4FWOPBULEPJGYB4T3WR3F,Pi,L,0,,565,A3CWEIEY3TGJFX,yes,human,yes,the block placement was a bit touchy and one of them messed up by flipping to the wrong space as I placed it~~~,I just followed my partner's instructions and he/she was able to simplify the instructions the more experience we had building~~~,listener,1768094,exitSurvey,1.0,1.0,False
0,5f4fee131034572e6687fc48,pilot4,6064-78a665ff-7528-45c6-91d1-960cc9647fa6,1599073811259.0,3FIJLY1B6Y46SOB8SHMWCC0MVZNFP6,C,L,0,,490,A3C5A515KHWU1P,yes,human,yes,NA - fun experiment~~~,Tried to be as descriptive as possible and usually no more than 2 instructions at a time to not become overwhelmed~~~  Tried to make them as simple instructions as possible~~~,listener,2672483,exitSurvey,0.0,0.0,True
1,5f4fee281034572e6687fc4b,pilot4,6064-78a665ff-7528-45c6-91d1-960cc9647fa6,1599073832954.0,3MB8LZR5BJTRHPOO10KMB8J7YL3LKG,C,L,0,,490,A2ILUP6FN8HKKC,yes,human,yes,,I tried to make things clear as possible~~~,speaker,2711171,exitSurvey,0.0,0.0,True
0,5f515eb51034572e668800ac,pilot4,6169-888a2828-0e46-483c-b48d-cf18271187ed,1599168181532.0,3WJEQKOXAC28F5BYWZPEXF7XVFQA1U,C,L,0,,525,AEF74ZYJTTEIA,yes,human,yes,No,Short descriptions that the builder understood,speaker,2036440,exitSurvey,0.0,2.0,False
1,5f515ebd1034572e668800b1,pilot4,6169-888a2828-0e46-483c-b48d-cf18271187ed,1599168189230.0,3NAPMVF0Z0FXLOVW80D8S7FCMDX72G,C,L,0,,525,AVI7K876BV3QL,yes,human,yes,none,read one step at a time,listener,1792651,exitSurvey,0.0,2.0,False
0,5f5165871034572e668802af,pilot4,6210-0e17e8cb-6041-4783-af4a-0da47b21b402,1599169927149.0,3DZQRBDBSPF8P4B703PO68G0F5GS35,C,L,0,,565,A153HLAVH5FILS,yes,human,yes,"This one was fun, thank you! :)","The instructions I got were super helpful, but if I followed in order, sometimes I wouldn't be able to place the pieces so I had to learn to read ahead and reorder as needed~~~",listener,2565720,exitSurvey,1.0,1.0,False
1,5f5165f81034572e668802bf,pilot4,6210-0e17e8cb-6041-4783-af4a-0da47b21b402,1599170040424.0,3YWRV122CWZA5E9H1PFKCQ6ZGOT8UT,C,L,0,,565,A2HJK77HH1IDTM,yes,human,yes,I didn't really understand the point of the timer and it caused me some panic and confusion at first until I realized it didn't seem to matter~~~,I initially told my partner to imagine the grid labeled as a-j for the columns and 1-8 for the rows~~~ Then I just gave them coordinates for each block~~~,speaker,2800564,exitSurvey,0.0,1.0,False
0,5f4fedef1034572e6687fc3d,pilot4,8263-001a1b6c-ab69-48aa-8807-752d70fb55cf,1599073775586.0,32M8BPYGAXMKP2KZQ62UL0ZMA0SIGW,Pi,C,0,,530,A3209D1227UCYP,yes,human,yes,No,I tried to remind them of shapes we had made before~~~,speaker,2958074,exitSurvey,0.0,0.0,False
1,5f4fedf41034572e6687fc40,pilot4,8263-001a1b6c-ab69-48aa-8807-752d70fb55cf,1599073780278.0,33L7PJKHCKYV51US1KPA7UKXXYVT88,Pi,C,0,,530,A64JDJKE9DYCT,yes,human,yes,"No, no problems at all~~~",I just tried my best to understand my partners instructions~~~ I think we did very good~~~,listener,2885566,exitSurvey,0.0,0.0,False
0,5f5165831034572e668802ae,pilot4,9018-fbca1193-d7bc-4044-809c-f7c21bdcffe8,1599169923114.0,3IAEQB9FMIKZEDUDDX51G65XCV2DW4,Pi,L,0,,480,AZCGF2D7QIO10,yes,human,yes,No~~~,Just try to decipher what the person was saying~~~ They did an okay job~~~ Saying the same tower as before helped~~~,listener,2745959,exitSurvey,0.0,0.0,False
1,5f51659b1034572e668802b3,pilot4,9018-fbca1193-d7bc-4044-809c-f7c21bdcffe8,1599169947721.0,3MYYFCXHJ77QHVLK5H0QRZP35UI4GI,Pi,L,0,,480,A33Z6BHAJUGCHY,yes,human,yes,No problems,My strategy was to describe the towers accurately and concisely~~~,speaker,2849271,exitSurvey,1.0,0.0,False
0,5f5168d61034572e66880321,pilot4,9125-fad2922c-a61c-4fce-b8cd-d5cd5d70a5ec,1599170774204.0,3483FV8BEIJEHOHRPQ8GMTFGR2J26I,C,L,0,,460,AFTPN55F1W100,yes,human,yes,No,I made commands short and straight,speaker,3160620,exitSurvey,0.0,1.0,False
1,5f5169101034572e66880325,pilot4,9125-fad2922c-a61c-4fce-b8cd-d5cd5d70a5ec,1599170832915.0,3PWWM24LHWY1L20FI55E67B7XX9284,C,L,0,,460,AD0ZYMRVMTPAJ,yes,human,yes,NO PROBLEMS AND IT WAS FUN TO CREATE,WE USED THE SHAPES AS STRATEGY TO CREATE THE RECREATION~~~,listener,3201231,exitSurvey,0.0,1.0,False
0,5f516bfb1034572e66880365,pilot4,9657-c3bd4e6c-f5e7-4c28-806f-df1659054e15,1599171579313.0,3WYP994K1BR4I9AYIBFBVXGL6HE6Y3,Pi,L,0,,300,A31F5BO2FW708X,yes,human,yes,I like this,I like this,speaker,3770741,exitSurvey,1.0,0.0,False
1,5f516bfd1034572e66880366,pilot4,9657-c3bd4e6c-f5e7-4c28-806f-df1659054e15,1599171581276.0,352YTHGROZD4HRGVPNI8CZ14KUV4HH,Pi,L,0,,300,A3SRVRFTL8413I,yes,human,yes,"No, thank you~~~  Very fun and interesting assignment~~~","I just tried my best to follow the directions, they were not very clear, or precise~~~",listener,3309074,exitSurvey,1.0,0.0,False
0,5f50063d1034572e6687fe83,pilot4,9961-1bd92164-cbe7-4841-8225-7de8486bf84a,1599079997231.0,3DY4FPOOA5OG0YDD5OVPZT3NKBCVRF,Pi,L,0,,560,A1IKK576F8WY0N,yes,human,yes,"No, I didn't experience any issues or problems~~~","There wasn't really much of a strategy being used~~~ I simply listened to the instructions given to me by my partner, and completed them~~~",listener,2496311,exitSurvey,0.0,1.0,False
1,5f5006401034572e6687fe84,pilot4,9961-1bd92164-cbe7-4841-8225-7de8486bf84a,1599080000101.0,3GLB5JMZF1V3HR4DYS1JU3J9IVYDG3,Pi,L,0,,560,A21Q7FCKM86VL8,yes,human,yes,No problems~~~  This was kind of fun~~~,"I had to be very specific in where I wanted him to place the blocks~~~  After we got into a grove, I could tell him with shorter sentences~~~",speaker,2685043,exitSurvey,0.0,1.0,False
0,5f591c161034572e66881855,pilot4b,0110-5784fec9-109a-4d7a-a343-4820f4d42144,1599675414526.0,3O6CYIULEH1LVF5ZZSVQQ69LZ1EWUR,Pi,L,0,,535,AE8463V6PNJMV,yes,human,yes,,be simple and concise,speaker,2705609,exitSurvey,0.0,0.0,False
1,5f591c461034572e66881860,pilot4b,0110-5784fec9-109a-4d7a-a343-4820f4d42144,1599675462712.0,3TYCR1GOTGJM6KNA11NWYN7K3CQLZD,Pi,L,0,,535,A23WCDJKAT0RN5,yes,human,yes,"No, everything went smoothly~~~","My partner gave very good instructions~~~ We had a hard time during the first couple rounds, but after that, we started to understand instructions better and identify things we'd done in previous rounds that were applicable to the round we were working on~~~",listener,2633632,exitSurvey,0.0,0.0,False
0,5f581cc51034572e66880deb,pilot4b,0312-5a54cbf3-4d0e-484b-b7f8-ecb4b63910f7,1599610053470.0,3DI28L7YXEEB5ISAC4R0TYXOHU0E16,Pi,L,0,,360,A5BUUXDPUKSUD,yes,human,yes,none,nice,speaker,1721734,exitSurvey,0.0,0.0,False
1,5f581cf21034572e66880e05,pilot4b,0312-5a54cbf3-4d0e-484b-b7f8-ecb4b63910f7,1599610098279.0,3XCC1ODXDPBOVQHWJP1FT64F4VUQR2,Pi,L,0,,360,A1RDRK3QTM7U96,yes,human,yes,none,try to follow their instructions,listener,1744181,exitSurvey,0.0,0.0,False
0,5f58242d1034572e668810b1,pilot4b,0738-513adaa7-2548-44a4-8d01-7e2fb3ecbfd4,1599611949806.0,3YZ8UPK3VXMCHHZUI1VPEC2I7F4CUU,Pi,L,0,,560,A1OONOQKMO9R8L,yes,program,yes,none,"once i realized there were only so many shapes to make, I focused on how to make those shapes quickly",listener,1939882,exitSurvey,1.0,0.0,False
1,5f5824401034572e668810b2,pilot4b,0738-513adaa7-2548-44a4-8d01-7e2fb3ecbfd4,1599611968662.0,3TVRFO09GOFX1PNV0JZB12R9V6ZXLN,Pi,L,0,,560,A26LOVXF4QZZCO,yes,human,yes,No problems at all!,"at first I gave block by block instructions, but then we transitioned to naming the whole structures and I just said which side to put them on~~~",speaker,1980670,exitSurvey,1.0,0.0,False
0,5f581f0a1034572e66880eee,pilot4b,1365-1fb4edd2-7f85-4cc2-ac87-8770467a91d7,1599610634191.0,3IX2EGZR7FJ793DJOZH6W5STQ0SJRU,C,L,0,,295,A3JC9VPPTHNKVL,yes,human,yes,no~~~,"tried explaining by left/right of the line, tries the shape (""L"" upside down ""U""), and also co-ordinates, but my partner was not getting any of it, and gave up and started placing blocks randomly~~~",speaker,2849423,exitSurvey,1.0,2.0,False
1,5f581f321034572e66880f00,pilot4b,1365-1fb4edd2-7f85-4cc2-ac87-8770467a91d7,1599610674119.0,358UUM7WR33EP8CHNQS9TFNKZ5YR71,C,L,0,,295,A3GMLJGZJ5V2CD,yes,human,yes,no,nice,listener,2586186,exitSurvey,1.0,2.0,False
0,5f5808151034572e6688077d,pilot4b,1690-8f854c73-420c-4820-b76f-2c2ac28a3035,1599604757131.0,3VSOLARPKF9QKPF8RXPXPDBAOGA39N,Pi,L,0,,530,A2FZBKFL7SCHHL,yes,program,yes,No problems,Over time I started to figure out a way to combine steps so we would have fewer back and forth sessions~~~,speaker,3274320,exitSurvey,1.0,0.0,False
1,5f58081a1034572e6688077e,pilot4b,1690-8f854c73-420c-4820-b76f-2c2ac28a3035,1599604762204.0,3WRFBPLXREOB9RJ2S7827E6UT5RN36,Pi,L,0,,530,A9FZ3UA691V8O,yes,human,yes,No,I completely followed the instructions from the other player who played as architect,listener,3159380,exitSurvey,0.0,0.0,False
0,5f592ac81034572e66881d70,pilot4b,2409-8e3cd70d-3066-4782-9d23-e3fecd179ac1,1599679176124.0,3DIP6YHAPGSTGICVBP0F88KWV78E86,C,L,0,,510,A1TPGXT718D68E,yes,human,yes,no,"I tried to figure out the easiest, most efficient way of communicating~~~",speaker,2816527,exitSurvey,0.0,0.0,False
1,5f592ac91034572e66881d71,pilot4b,2409-8e3cd70d-3066-4782-9d23-e3fecd179ac1,1599679177200.0,34S6N1K2ZZJ0FZNGVFHPYG3F7NYHLA,C,L,0,,510,A3L2FPKRD46FRW,yes,human,yes,no,i just paid attention and tried to look at the early instructions to help find my place~~~,listener,2663431,exitSurvey,0.0,0.0,False
0,5f591fa01034572e668819a4,pilot4b,2708-886eba61-2274-429a-bd7e-05b4e0a5630d,1599676320273.0,3SNVL38CI8SYELUIONRN8PTK5VBKCO,Pi,L,0,,460,ALTMSSCYKZS8Z,yes,human,yes,no,using left and right direction and counting the blank space,speaker,2941915,exitSurvey,1.0,2.0,False
1,5f591fb51034572e668819a7,pilot4b,2708-886eba61-2274-429a-bd7e-05b4e0a5630d,1599676341797.0,3OS4RQUCRDF4OUAY9C4VHSVXFEUFBA,Pi,L,0,,460,AMNRYECHXZY34,yes,human,yes,none,I just tried to follow exactly what my partner wrote in the instructions~~~ I didn't question the instructions that they gave~~~,listener,2871900,exitSurvey,1.0,2.0,False
0,5f591f581034572e66881989,pilot4b,3059-050cd068-aa3c-4719-b35e-f00f7bda528f,1599676248248.0,3X4MXAO0BKOTFNDIVY0LLVM1S2AWRN,Pi,C,0,,445,A3SH7B3UK915FC,yes,human,yes,No,Going one block at a time,listener,3130417,exitSurvey,0.0,0.0,True
1,5f591f6a1034572e66881995,pilot4b,3059-050cd068-aa3c-4719-b35e-f00f7bda528f,1599676266362.0,3DQQ64TANKL83AX3I6WWG0MMRKMWPV,Pi,C,0,,445,A2UETT92P31OCW,yes,human,yes,no,My stragety was to describe shapes we had already used,speaker,3299980,exitSurvey,0.0,0.0,True
0,5f5828d51034572e66881207,pilot4b,3196-c523b7b2-0fe5-4857-a1c4-8b60628602fe,1599613141672.0,3Y4W8Q93L3KMZOU8NN05U4MJ6NSVD7,Pi,L,0,,565,A2C7TMRC2QHTIW,yes,human,yes,,Describe shapes~~~ Later in experiment create nicknames for these shapes,speaker,1363055,exitSurvey,0.0,0.0,False
1,5f5828f41034572e66881213,pilot4b,3196-c523b7b2-0fe5-4857-a1c4-8b60628602fe,1599613172150.0,3QJOXOW4XNR817EZ5QAYDQLRF5XMEO,Pi,L,0,,565,A3L5XFNSOY6QET,yes,human,yes,None,"We started off going step by step~~~ My partner used a code name to describe each shape, namely the letter each tower looked like and then was able to just say the name and I knew how to build itt~~~",listener,1194622,exitSurvey,0.0,0.0,False
0,5f5813281034572e66880b82,pilot4b,3475-290af8ae-e48a-4b6d-887b-05bc7f9b96b3,1599607592848.0,3C2NJ6JBKEHMO9NJO7UXO412NSFN2L,Pi,L,0,,440,AGDFBU9CK6Z9R,yes,human,yes,No problems~~~~~~~~~thanks!,Trying to become more coherent with my instructions~~~  I think we were clicking pretty well by the end~~~,speaker,2091285,exitSurvey,1.0,1.0,False
1,5f58133c1034572e66880b8b,pilot4b,3475-290af8ae-e48a-4b6d-887b-05bc7f9b96b3,1599607612231.0,3WRFBPLXREOB9RJ2S7827E6UT6FN3W,Pi,L,0,,440,A3O0QZQ4V2IXT7,yes,human,yes,At first I felt my partner believed I could overlap blocks but that was sorted out fairly quick~~~,I just tried following the instructions~~~ I felt badly when I messed up and could not apologize to my partner though :),listener,1901727,exitSurvey,0.0,1.0,False
0,5f592b591034572e66881d80,pilot4b,3630-b1e7fd9f-7c24-40d4-b76e-f01c2526d1e8,1599679321673.0,373ERPL3YS81N69O0TVAYBF2O9ATRE,C,L,0,,460,A1DIW2K1J89CMO,yes,program,yes,,"I had no strategy, I just adjusted how I did things as I went along~~~",speaker,3235704,exitSurvey,0.0,1.0,False
1,5f592bdc1034572e66881d88,pilot4b,3630-b1e7fd9f-7c24-40d4-b76e-f01c2526d1e8,1599679452870.0,34QN5IT0T3RUPSX13I10NJIS16X80D,C,L,0,,460,A15XX0WDRG29E7,yes,human,yes,No~~~,I tried to follow the instructions of my partner as much as possible~~~,listener,3283421,exitSurvey,0.0,1.0,False
0,5f5812111034572e66880b03,pilot4b,3988-20e89f81-a9f9-4ca2-84b8-789d4cdbdf9c,1599607313504.0,3JNQLM5FT8MW09KYCUEIBCXDIWZ2LG,C,L,0,,530,A2WNTI69VVVWMZ,yes,human,yes,,"I would try to be precise as possible with instructions~~~ Then when I saw patterns for the shapes, I would try to communicate that with my partner so we could go through it quicker~~~",speaker,1274822,exitSurvey,0.0,0.0,False
1,5f58121f1034572e66880b09,pilot4b,3988-20e89f81-a9f9-4ca2-84b8-789d4cdbdf9c,1599607327607.0,3ZAK8W07I8ESNP4E6L25JB0HYQQU02,C,L,0,,530,A2AWSN5CWONM8,yes,human,yes,"No, I did not experience any issues with the experiment~~~",I followed the instructions provided by my partner~~~,listener,1266022,exitSurvey,1.0,0.0,False
0,5f582d321034572e6688135c,pilot4b,4338-9f5cbb3a-a351-45e4-9b99-dc2737fd4658,1599614258647.0,3IFS6Q0HJMJNF7TQL6WBAEIPZODISY,Pi,C,0,,575,A3GQR89E66AQJY,yes,human,yes,No~~~ This was really fun!,Follow the directions! Good job to the architect!,listener,1435826,exitSurvey,0.0,0.0,False
1,5f582d361034572e6688135d,pilot4b,4338-9f5cbb3a-a351-45e4-9b99-dc2737fd4658,1599614262495.0,3C5W7UE9CJQH775G0V0Q1F6YVCZMXQ,Pi,C,0,,575,A37E2SOKV6I0VZ,yes,human,yes,no problems,I described the map I was seeing using x's and o's that correspond to the blocks~~~,speaker,1753979,exitSurvey,0.0,0.0,False
0,5f5808e41034572e668807b0,pilot4b,4707-961944fa-e708-42f9-b799-7f154252d87a,1599604963998.0,3KWTYT08743OZ63LUDGG9J0P26IL5S,C,L,0,,335,A4DWQTQILDXO7,yes,human,yes,no,based on the instructions,listener,2532513,exitSurvey,1.0,0.0,False
1,5f5808e41034572e668807b1,pilot4b,4707-961944fa-e708-42f9-b799-7f154252d87a,1599604964537.0,3X1FV8S5J1RPB84ZPD1D0PPGJDYGVO,C,L,0,,335,A1GRPIBHW72HDU,yes,human,yes,Very difficult to communicate and the first 7 or so rounds were wasted because partner kept moving on with just one instruction,I tried communicating the best I could in small simple terms to fit them in the character limit~~~,speaker,2699235,exitSurvey,1.0,0.0,False
0,5f5922701034572e66881a8a,pilot4b,4775-f8e92f00-dc0e-4a42-9216-2d1feab7e57c,1599677040662.0,3TXD01ZLD8H9MDMFPMP7VEQUF93U4T,C,L,0,,550,A1F9KLZGHE9DTA,yes,human,yes,No,To come up with shorthand ASAP and then rely on that once there was an understanding~~~,speaker,1533150,exitSurvey,0.0,0.0,False
1,5f59228d1034572e66881a96,pilot4b,4775-f8e92f00-dc0e-4a42-9216-2d1feab7e57c,1599677069661.0,3UOUJI6MTHE0KFAP9XRCSPNS849XUC,C,L,0,,550,A2WPKP73S4MBLK,yes,human,yes,No~~~ This was a beautifully designed and enjoyable experiment~~~,I simply listened to the instructions my partner sent me and attempted to follow them as closely as possible~~~,listener,1484072,exitSurvey,0.0,0.0,False
0,5f58250b1034572e668810dc,pilot4b,4816-c8353af9-d568-4b5f-afb3-505f27d7ac42,1599612171854.0,3180JW2OT8CI4GFLRS43T4NXYHL5JI,C,L,0,,360,APH3EPVEQ7N8F,yes,human,yes,no,tough ont,speaker,3460622,exitSurvey,0.0,1.0,False
1,5f58250c1034572e668810de,pilot4b,4816-c8353af9-d568-4b5f-afb3-505f27d7ac42,1599612172259.0,3IQ1VMJRYXKQ4AET0C47CLPGUR09AP,C,L,0,,360,A13PCA27Z3ZTPZ,yes,human,yes,no,as per partner instructions followed,listener,3215673,exitSurvey,0.0,1.0,False
0,5f5817a61034572e66880cc4,pilot4b,5108-ab1ab188-eb12-46f4-9259-bac3a57eeccb,1599608742280.0,3N4BPTXIOCSU0FBIAECN2VFQCOUKUW,C,L,0,,485,A1O57XVTTB1PNZ,yes,human,yes,Whew~~~~~~~~~that was hard~~~ Wanted more characters for message~~~,Trying to figure out how best to describe the shape in relation to the darn Red Center line~~~,speaker,3009682,exitSurvey,1.0,0.0,False
1,5f5817ee1034572e66880ccf,pilot4b,5108-ab1ab188-eb12-46f4-9259-bac3a57eeccb,1599608814395.0,3CFVK00FWPLKIA3ZZWQL1PEPY2HL6Y,C,L,0,,485,AEXA1CPBHT85H,yes,human,yes,"I sometimes got confused with what my partner would send, however, I always tried to finish before thirty seconds~~~ Overall, my partner did a good job with instructions and I did my best at trying to understand them quickly~~~","The strategy was to simplify the two blocks used, so we labeled one as V for vertical and one as H for horizontal blocks~~~",listener,2996270,exitSurvey,0.0,0.0,False
0,5f5929801034572e66881d07,pilot4b,5156-be8ae9d7-0f4f-4f69-9d5b-fa70394f9dea,1599678848720.0,3UN61F00H0PZ24YYZXDCVV9O86W5R7,C,L,0,,545,A3NJML8QQIXTAZ,yes,human,yes,no problems~~~,"I described the shapes to look like things~~~ An arch, a tall skinny C, an L",speaker,2148698,exitSurvey,0.0,1.0,True
1,5f5929921034572e66881d0c,pilot4b,5156-be8ae9d7-0f4f-4f69-9d5b-fa70394f9dea,1599678866707.0,3IRIK4HM3EKRF69TMJXMY6O240X6CB,C,L,0,,545,A1J19UOHNI0UOC,yes,human,yes,none,To learn and remember and if I wasn't sure where to place the block to say done,listener,1901323,exitSurvey,0.0,1.0,True
0,5f580fa91034572e668809cc,pilot4b,5388-feecb26d-5de8-4f38-b53d-e1611dbe6cac,1599606697057.0,3LQ8PUHQFPSYPYFAACKC60BNQC3IHI,Pi,L,0,,540,A1TEXCUTI4IUUN,yes,human,yes,No,"Follow and learn the instructions given by my partner, at the end we needed less time to perform the trials",listener,1224639,exitSurvey,2.0,0.0,False
1,5f580fde1034572e668809e2,pilot4b,5388-feecb26d-5de8-4f38-b53d-e1611dbe6cac,1599606750377.0,37QW5D2ZRKMUQ1HDCKKKXPOBWRF8SL,Pi,L,0,,540,A28P6WY5WP7F9Y,yes,human,yes,"The timer felt a little inconsistent in cutting off input, but otherwise no issues","I began giving instructions that focused on the left shape, followed by the right shape~~~ When the same shape came up I would give as close to the same instructions as before, and then would give that shape a level (L-shape, C-shape, lowercase n-shape)~~~ By the end I could just say ""L-shape left tick, C-shape right tick"" and my partner would know exactly what to do~~~",speaker,1332314,exitSurvey,0.0,0.0,False
0,5f592a8f1034572e66881d63,pilot4b,5824-1d0a0b64-ca3c-482d-ab90-eeda3acc7483,1599679119112.0,3M68NM076L7VL8YC4GNHN1NO415R67,C,L,0,,520,A3NMQ3019X6YE0,yes,human,yes,fun,"Gave step by step instructions, until realized a pattern and told how it was similar to previous rounds, or well known objects~~~",speaker,2572303,exitSurvey,1.0,0.0,False
1,5f592ad71034572e66881d74,pilot4b,5824-1d0a0b64-ca3c-482d-ab90-eeda3acc7483,1599679191348.0,34QN5IT0T3RUPSX13I10NJIS16X085,C,L,0,,520,A2BBFG0J0TJI78,yes,human,yes,"I accidentally clicked too early once in placing a block~~~ There ought to be a way to correct a misplaced block before hitting ""Done~~~""","As builder, I just tried to follow ""architect"" instructions~~~",listener,2502384,exitSurvey,1.0,0.0,False
0,5f582c201034572e66881333,pilot4b,6057-ea3e45ad-63dd-4963-8bea-3004acfdc651,1599613984247.0,3QIYRE09Y7HFZO5N53UJJLRXVMKN1N,C,L,0,,320,A1LZNQ6Q5JNTZE,yes,human,yes,None,Follow partner instruction,listener,2712847,exitSurvey,1.0,1.0,True
1,5f582c3f1034572e66881338,pilot4b,6057-ea3e45ad-63dd-4963-8bea-3004acfdc651,1599614015806.0,37U1UTWH9ZMIPMH0XVKF7FJFAQJR85,C,L,0,,320,A2SBN9B6Q3DN2X,yes,human,yes,took a long time for partner to respond at first~~~ The partner just randomly placed blocks~~~,i tried to give very simple clear instructions,speaker,2754362,exitSurvey,0.0,1.0,True
0,5f591c1c1034572e66881856,pilot4b,6242-04991283-d3ba-401d-808a-e75f1fae51c0,1599675420370.0,3K4J6M3CXIT5JK11EIAH42B3YAZAGX,Pi,C,0,,500,A3MD34XEB4H6JF,yes,human,yes,Being specific helped~~~ I didn't notice any problems~~~ Thank you! It was fun,I think we learned and could abbreviate instructions after patterns were repeated~~~,speaker,3248254,exitSurvey,0.0,2.0,False
1,5f591c3a1034572e6688185e,pilot4b,6242-04991283-d3ba-401d-808a-e75f1fae51c0,1599675450905.0,3N4BPTXIOCSU0FBIAECN2VFQCU5UKT,Pi,C,0,,500,A2PLJREKV92BZN,yes,human,yes,I probably would have done it differently if I had been the architect~~~ I would have created a grid (A1 bottom left) and used that to place the blocks~~~,I tried to understand the instructions of my partner as best as I could~~~ I made one mistake on the L shape when I reversed it~~~ I also began to understand the shapes he mentioned~~~,listener,2775001,exitSurvey,0.0,2.0,False
0,5f59170f1034572e66881653,pilot4b,7107-bbffa80b-65e8-48c4-8dda-3b66c9290064,1599674127312.0,3AMW0RGHOH2IGGOPQ559KH9VY8IPNX,Pi,L,0,,565,A1N7O7E8HC03D8,yes,human,yes,no,I read the instructions carefully as my partner was very specific and accurate~~~,listener,2038951,exitSurvey,0.0,2.0,False
1,5f5917cc1034572e668816b4,pilot4b,7107-bbffa80b-65e8-48c4-8dda-3b66c9290064,1599674316251.0,3MMN5BL1W345R9Y2G6T2UZHUOMH3M0,Pi,L,0,,565,A318M33K2896OL,yes,human,yes,I didn't run into any other problems during the experiment~~~ Maybe the timer to give instructions could be a little longer~~~,I gave my partner the location of blocks by the column number~~~ I also eventually told them the shape style to get through each shape with less instructions,speaker,2331429,exitSurvey,0.0,2.0,False
0,5f5802b51034572e66880600,pilot4b,7112-d350e277-fe2c-4544-a08a-d508e09524c4,1599603381925.0,3S06PH7KSV46DCEAG9GGNGF3HHCD1N,C,L,0,,565,A1H2E85EW10IO3,yes,human,yes,,be as straightforward as possible,speaker,2082406,exitSurvey,0.0,0.0,False
1,5f5802bf1034572e66880607,pilot4b,7112-d350e277-fe2c-4544-a08a-d508e09524c4,1599603391475.0,33L7PJKHCKYV51US1KPA7UKXY958TK,C,L,0,,565,A3VENK02U0X16N,yes,human,yes,None,Matching the edge of the block to the closest edge,listener,1950171,exitSurvey,0.0,0.0,False
0,5f591f6f1034572e66881999,pilot4b,7626-0712c1b0-02c7-4b3a-b96c-e0a592c7060a,1599676271477.0,3X65QVEQI4N9YRC09N3ONP6ZUVGCLJ,Pi,C,0,,535,A1DT85NV46PRGD,yes,human,yes,"Nope, cool study!","I found the shapes, they figured the shapes~~~ I ended up just calling out shapes effectively~~~",speaker,1810678,exitSurvey,0.0,1.0,False
1,5f591f891034572e6688199f,pilot4b,7626-0712c1b0-02c7-4b3a-b96c-e0a592c7060a,1599676297161.0,3T3IWE1XGAN1B5UONE6ATL5XSN8TQD,Pi,C,0,,535,A1PTK745LEZ0QB,yes,human,yes,None,Listen to my partner's directions as closely as possible to build the correct towers,listener,1719727,exitSurvey,0.0,1.0,False
0,5f582a9b1034572e668812bd,pilot4b,8226-ad7da0ed-7f5e-4d5d-a0ab-c8f9c924512e,1599613595803.0,3PB5A5BD0Z6N0I337FYXUB9DXX5G7E,Pi,C,0,,525,A2S591ZMEWMA5C,yes,human,yes,,Figuring out my teammates instructions~~~ They were bad~~~,listener,1823069,exitSurvey,1.0,1.0,False
1,5f582ab41034572e668812c4,pilot4b,8226-ad7da0ed-7f5e-4d5d-a0ab-c8f9c924512e,1599613620900.0,3OCHAWUVGSKMHJ5DFJNAM2EU66UKX7,Pi,C,0,,525,A1GKD3NG1NNHRP,yes,human,yes,no,tried to visualize each side as a letter or object to the other person,speaker,1858990,exitSurvey,2.0,1.0,False
0,5f5814a91034572e66880c29,pilot4b,8328-477b1bad-8e0f-4f60-b7a7-dff9a8669612,1599607977288.0,3G2UL9A02HEL3PEXV2PBIKWO3I4672,Pi,L,0,,500,A2IRBZJJEB9P5E,yes,human,yes,no,I tried to exlain the exact places to put the block and then they turned into shapes that I could easily tell them what to build,speaker,1990977,exitSurvey,2.0,0.0,False
1,5f5814ae1034572e66880c2d,pilot4b,8328-477b1bad-8e0f-4f60-b7a7-dff9a8669612,1599607982446.0,3X3OR7WPZ307MOMNSBNJL3AG4X7L8K,Pi,L,0,,500,AA5ZDXAA2DLY1,yes,human,yes,no,"I just tried to understand the directions that they were giving me~~~ It took me a while, but eventually we became in sync and could proceed quickly",listener,1948187,exitSurvey,0.0,0.0,False
0,5f5822771034572e66881035,pilot4b,8529-ce091a56-8932-4fe7-a4c7-ad784337405c,1599611511637.0,3TXMY6UCAIOKPOSD1SBK4B5T4UYCQP,Pi,L,0,,555,A15T9HDPHV3X7Q,yes,human,yes,no,issuing the commands in the shortest possible way,speaker,1392562,exitSurvey,2.0,1.0,False
1,5f5822851034572e6688103a,pilot4b,8529-ce091a56-8932-4fe7-a4c7-ad784337405c,1599611525832.0,3LJ7UR74RLDWRN26SLDLHJY076UN40,Pi,L,0,,555,A345TDMHP3DQ3G,yes,human,yes,No,I mapped out what the column values were for the columns to the right and left of the red lines so I would be able to quickly and efficiently place the blocks when instructed~~~,listener,1389118,exitSurvey,1.0,1.0,False
0,5f5815151034572e66880c3b,pilot4b,9044-eb5aa746-4e26-4f4e-97f3-1e87a82daa74,1599608085333.0,37FMASSAYGROYLCOAKAGKP8PVZYBIV,Pi,C,0,,330,A1YHIQHLLLQIIQ,yes,human,yes,no,to listen and judge my best to interpret the move,listener,1967791,exitSurvey,1.0,1.0,False
1,5f5815361034572e66880c42,pilot4b,9044-eb5aa746-4e26-4f4e-97f3-1e87a82daa74,1599608118631.0,3DHE4R9OC0BGEH6X13H2YKS5MGTG26,Pi,C,0,,330,A10UWP6T47G9TR,yes,human,yes,This does not pay enough for the time it takes to get through this experiment~~~,"I tried at first but the person wasn't reading the instructions closely and it was taking forever so I just said ""eff it""",speaker,2006807,exitSurvey,0.0,1.0,False
0,5f59189f1034572e66881714,pilot4b,9198-ddb2f495-928f-482e-a81e-fd8755cc44d1,1599674527962.0,3OLQQLKKNWPI0Z8E2TX6XYTABHBEJX,Pi,C,0,,345,A20VSXSWYF1XJM,yes,human,yes,characters are limited,followed by instructions,speaker,3026126,exitSurvey,1.0,0.0,False
1,5f5918c01034572e6688171d,pilot4b,9198-ddb2f495-928f-482e-a81e-fd8755cc44d1,1599674560572.0,31Q0U3WYDTFQW3D0PWDUNO57VD817V,Pi,C,0,,345,ACLKUKURK2UUD,yes,human,yes,nope,i followed the architects instructions,listener,2851607,exitSurvey,1.0,0.0,False
0,5f5925541034572e66881b79,pilot4b,9490-cb77fe92-e6e1-4001-a08f-08df199b273b,1599677780107.0,3LPW2N6LKX2RIWQF3R8H06W8F505UB,Pi,C,0,,330,A25J04LR39TDQA,yes,human,yes,No,The partner's instructions were not clear~~~ I placed the objects from previous rounds shapes~~~,listener,1757754,exitSurvey,0.0,1.0,True
1,5f5925561034572e66881b7b,pilot4b,9490-cb77fe92-e6e1-4001-a08f-08df199b273b,1599677782937.0,39GXDJN2OXEAITYH6FPP8C8IV218VW,Pi,C,0,,330,A1FJ9EGNO1DF60,yes,human,yes,none,i focused more on achieving at least one full pattern first,speaker,2062802,exitSurvey,1.0,1.0,True
0,5f580c141034572e66880859,pilot4b,9538-6724d3df-3134-4888-8fa3-1ac1151dbb6e,1599605780907.0,3BC8WZX3V7WO7RWWW4QFYWEK0HARRI,C,L,0,,555,A2IGPW784OFV3D,yes,human,yes,nope,Just do what my partner said~~~,listener,2114502,exitSurvey,0.0,0.0,False
1,5f580c901034572e66880877,pilot4b,9538-6724d3df-3134-4888-8fa3-1ac1151dbb6e,1599605904360.0,3WLEIWSYHSHUED18L9ZKJK461FIH2G,C,L,0,,555,A1VZSFHTU51JP0,yes,human,yes,No,I figured out a shorter communication style in a way between us and it seemed to work~~~ They understood me and it made it all more fluid~~~,speaker,2317251,exitSurvey,2.0,0.0,False
0,5f58043d1034572e66880687,pilot4b,9632-7cb9b1c5-1c5e-41e1-8c6d-3d2112772936,1599603773032.0,3QILPRALQ9VXAOP84O3YYVE59RJ8NJ,Pi,L,0,,545,A13WTEQ06V3B6D,yes,human,yes,I did not notice any problems~~~,I tried to tell my partner what column and what color the blocks should go~~~,speaker,2142344,exitSurvey,0.0,0.0,False
1,5f5804441034572e66880688,pilot4b,9632-7cb9b1c5-1c5e-41e1-8c6d-3d2112772936,1599603780347.0,3BF51CHDTZANI3YU6MV60WBR4HYH0W,Pi,L,0,,545,A1IQUHRI7G63YF,yes,human,yes,no problems,Use the coordinates given by the architect,listener,1594996,exitSurvey,0.0,0.0,False
0,5f59101f1034572e6688143f,pilot4b,9727-37a58c13-7178-412c-88d0-6b8841439106,1599672351483.0,3HL8HNGX491L01V1BSQZQM07RDF9FG,C,L,0,,545,A366TZDVJK02PN,yes,human,yes,"No problems, in fact that was one of the most fun HITs I've ever done~~~ There was a simple joy to it~~~","I just tried to be as clear as possible, and then I started coming up with terms for the different structures~~~ That freed up clarification space for positive encouragement~~~",speaker,1788371,exitSurvey,0.0,0.0,False
1,5f59101f1034572e66881440,pilot4b,9727-37a58c13-7178-412c-88d0-6b8841439106,1599672351520.0,3U5NZHP4LV2Q6K2EN7AWFXCZCW9PHO,C,L,0,,545,A34UER5ZQ5APMB,yes,human,yes,Clicking was a bit sticking on placement and cause a couple misplacements~~~,We developed a naming convention for the shapes and were able to complete everything in 2 turns after a couple rounds~~~,listener,1746641,exitSurvey,0.0,0.0,False
