chainNum,iteration,alpha,beta,trialNum,accuracy,descriptionLength,intendedSequence,speakerUtterance,listenerResponse
27,0,16,0.5,0,false,14,v r_6 v l_5 h r_4 h r_7 h l_1 v v r_1 h,place a vertical block.~~~move to the right by 6~~~place a vertical block.~~~move to the left by 5~~~place a horizontal block.~~~move to the right by 4~~~place a horizontal block.~~~move to the right by 7~~~place a horizontal block.~~~move to the left by 1~~~place a vertical block.~~~place a vertical block.~~~move to the right by 1~~~place a horizontal block.,v r_6 v l_5 h r_4 r_4 r_7 h l_1 v v r_1 h
27,0,16,0.5,1,false,13,h l_4 h l_1 v v r_12 h l_1 v v r_1 h,place a horizontal block.~~~move to the left by 4~~~place a horizontal block.~~~move to the left by 1~~~place a vertical block.~~~place a vertical block.~~~move to the right by 12~~~place a horizontal block.~~~move to the left by 1~~~place a vertical block.~~~place a vertical block.~~~move to the right by 1~~~place a horizontal block.,h l_4 h l_1 v v r_12 h l_1 l_5 v r_1 l_10
27,0,16,0.5,2,false,14,v r_6 v l_5 h r_4 h r_9 h l_4 h l_1 v v,place a vertical block.~~~move to the right by 6~~~place a vertical block.~~~move to the left by 5~~~place a horizontal block.~~~move to the right by 4~~~place a horizontal block.~~~move to the right by 9~~~place a horizontal block.~~~move to the left by 4~~~place a horizontal block.~~~move to the left by 1~~~place a vertical block.~~~place a vertical block.,v r_6 v l_5 h r_3 h r_9 h l_4 h l_1 v v
27,0,16,0.5,3,true,10,chunk_8 r_1 h r_12 h l_4 h l_1 v v,blah~~~move to the right by 1~~~place a horizontal block.~~~move to the right by 12~~~place a horizontal block.~~~move to the left by 4~~~place a horizontal block.~~~move to the left by 1~~~place a vertical block.~~~place a vertical block.,chunk_8 r_1 h r_12 h l_4 h l_1 v v
27,0,16,0.5,4,true,8,chunk_8 r_1 h r_6 chunk_9 h r_4 h,blah~~~move to the right by 1~~~place a horizontal block.~~~move to the right by 6~~~blab~~~place a horizontal block.~~~move to the right by 4~~~place a horizontal block.,chunk_8 r_1 h r_6 chunk_9 h r_4 h
27,0,16,0.5,5,false,3,chunk_L r_9 chunk_Pi,bloop~~~move to the right by 9~~~blarp,chunk_9 r_9 l_3
27,0,16,0.5,6,false,3,chunk_Pi r_7 chunk_C,blarp~~~move to the right by 7~~~blarp,chunk_9 r_7 chunk_L
27,0,16,0.5,7,false,3,chunk_Pi r_9 chunk_L,blarp~~~move to the right by 9~~~blarp,chunk_9 r_9 chunk_8
27,0,16,0.5,8,false,3,chunk_L r_12 chunk_C,blarp~~~move to the right by 12~~~blarp,chunk_8 r_12 chunk_C
27,0,16,0.5,9,false,3,chunk_C r_12 chunk_L,blarp~~~move to the right by 12~~~blarp,chunk_C r_12 chunk_8
27,0,16,0.5,10,false,3,chunk_L r_9 chunk_Pi,blarp~~~move to the right by 9~~~blarp,chunk_9 v chunk_L
27,0,16,0.5,11,false,3,chunk_C r_6 chunk_Pi,blarp~~~move to the right by 6~~~blarp,chunk_8 r_6 chunk_Pi
27,1,16,0.5,0,true,14,v r_6 v l_5 h r_4 h r_7 h l_1 v v r_1 h,place a vertical block.~~~move to the right by 6~~~place a vertical block.~~~move to the left by 5~~~place a horizontal block.~~~move to the right by 4~~~place a horizontal block.~~~move to the right by 7~~~place a horizontal block.~~~move to the left by 1~~~place a vertical block.~~~place a vertical block.~~~move to the right by 1~~~place a horizontal block.,v r_6 v l_5 h r_4 h r_7 h l_1 v v r_1 h
27,1,16,0.5,1,false,13,h l_4 h l_1 v v r_12 h l_1 v v r_1 h,place a horizontal block.~~~move to the left by 4~~~place a horizontal block.~~~move to the left by 1~~~place a vertical block.~~~place a vertical block.~~~move to the right by 12~~~place a horizontal block.~~~move to the left by 1~~~place a vertical block.~~~place a vertical block.~~~move to the right by 1~~~place a horizontal block.,h l_4 h l_1 v v r_12 h l_1 v l_9 r_1 h
27,1,16,0.5,2,false,14,v r_6 v l_5 h r_4 h r_9 h l_4 h l_1 v v,place a vertical block.~~~move to the right by 6~~~place a vertical block.~~~move to the left by 5~~~place a horizontal block.~~~move to the right by 4~~~place a horizontal block.~~~move to the right by 9~~~place a horizontal block.~~~move to the left by 4~~~place a horizontal block.~~~move to the left by 1~~~place a vertical block.~~~place a vertical block.,v r_6 v l_5 h r_4 h r_9 h l_10 h l_1 v v
27,1,16,0.5,3,false,10,chunk_8 r_1 h r_12 h l_4 h l_1 v v,bloop~~~move to the right by 1~~~place a horizontal block.~~~move to the right by 12~~~place a horizontal block.~~~move to the left by 4~~~place a horizontal block.~~~move to the left by 1~~~place a vertical block.~~~place a vertical block.,chunk_8 r_1 h r_12 h l_10 h l_1 v v
27,1,16,0.5,4,false,8,chunk_8 r_1 h r_6 chunk_9 h r_4 h,bloop~~~move to the right by 1~~~place a horizontal block.~~~move to the right by 6~~~blah~~~place a horizontal block.~~~move to the right by 4~~~place a horizontal block.,r_9 r_1 h r_6 chunk_8 h r_4 h
27,1,16,0.5,5,false,3,chunk_L r_9 chunk_Pi,bloop~~~move to the right by 9~~~blab,chunk_8 chunk_8 chunk_Pi
27,1,16,0.5,6,false,3,chunk_Pi r_7 chunk_C,blab~~~move to the right by 7~~~blah,h r_7 chunk_9
27,1,16,0.5,7,false,3,chunk_Pi r_9 chunk_L,blab~~~move to the right by 9~~~blah,chunk_8 r_9 chunk_L
27,1,16,0.5,8,false,3,chunk_L r_12 chunk_C,blah~~~move to the right by 12~~~blah,chunk_9 r_12 chunk_8
27,1,16,0.5,9,false,3,chunk_C r_12 chunk_L,blah~~~move to the right by 12~~~blab,chunk_Pi r_12 chunk_L
27,1,16,0.5,10,false,3,chunk_L r_9 chunk_Pi,blab~~~move to the right by 9~~~blah,chunk_9 r_9 chunk_8
27,1,16,0.5,11,false,3,chunk_C r_6 chunk_Pi,blah~~~move to the right by 6~~~blah,chunk_L r_6 chunk_C
27,2,16,0.5,0,false,14,v r_6 v l_5 h r_4 h r_7 h l_1 v v r_1 h,place a vertical block.~~~move to the right by 6~~~place a vertical block.~~~move to the left by 5~~~place a horizontal block.~~~move to the right by 4~~~place a horizontal block.~~~move to the right by 7~~~place a horizontal block.~~~move to the left by 1~~~place a vertical block.~~~place a vertical block.~~~move to the right by 1~~~place a horizontal block.,v r_6 v l_9 h r_4 h r_7 h l_1 v r_3 r_1 h
27,2,16,0.5,1,false,13,h l_4 h l_1 v v r_12 h l_1 v v r_1 h,place a horizontal block.~~~move to the left by 4~~~place a horizontal block.~~~move to the left by 1~~~place a vertical block.~~~place a vertical block.~~~move to the right by 12~~~place a horizontal block.~~~move to the left by 1~~~place a vertical block.~~~place a vertical block.~~~move to the right by 1~~~place a horizontal block.,v l_4 h l_1 v v r_12 h l_1 v v r_1 h
27,2,16,0.5,2,false,14,v r_6 v l_5 h r_4 h r_9 h l_4 h l_1 v v,place a vertical block.~~~move to the right by 6~~~place a vertical block.~~~move to the left by 5~~~place a horizontal block.~~~move to the right by 4~~~place a horizontal block.~~~move to the right by 9~~~place a horizontal block.~~~move to the left by 4~~~place a horizontal block.~~~move to the left by 1~~~place a vertical block.~~~place a vertical block.,v r_6 v l_5 l_3 r_4 l_12 r_9 h l_4 h r_9 v v
27,2,16,0.5,3,false,10,chunk_8 r_1 h r_12 h l_4 h l_1 v v,bloop~~~move to the right by 1~~~place a horizontal block.~~~move to the right by 12~~~place a horizontal block.~~~move to the left by 4~~~place a horizontal block.~~~move to the left by 1~~~place a vertical block.~~~place a vertical block.,chunk_8 r_1 h r_9 l_9 l_4 h l_1 v v
27,2,16,0.5,4,false,8,chunk_8 r_1 h r_6 chunk_9 h r_4 h,bloop~~~move to the right by 1~~~place a horizontal block.~~~move to the right by 6~~~blab~~~place a horizontal block.~~~move to the right by 4~~~place a horizontal block.,chunk_8 r_1 r_1 r_6 chunk_8 h r_4 h
27,2,16,0.5,5,false,3,chunk_L r_9 chunk_Pi,blab~~~move to the right by 9~~~blab,chunk_Pi r_9 chunk_L
27,2,16,0.5,6,false,3,chunk_Pi r_7 chunk_C,blab~~~move to the right by 7~~~blab,chunk_9 r_7 chunk_9
27,2,16,0.5,7,false,3,chunk_Pi r_9 chunk_L,blab~~~move to the right by 9~~~blab,chunk_9 r_9 chunk_8
27,2,16,0.5,8,false,3,chunk_L r_12 chunk_C,blab~~~move to the right by 12~~~blab,chunk_8 r_12 r_12
27,2,16,0.5,9,false,3,chunk_C r_12 chunk_L,blab~~~move to the right by 12~~~blab,r_10 r_12 chunk_8
27,2,16,0.5,10,false,3,chunk_L r_9 chunk_Pi,blab~~~move to the right by 9~~~blab,r_1 r_9 chunk_9
27,2,16,0.5,11,false,3,chunk_C r_6 chunk_Pi,blab~~~move to the right by 6~~~blab,chunk_C r_6 chunk_8
27,3,16,0.5,0,false,14,v r_6 v l_5 h r_4 h r_7 h l_1 v v r_1 h,place a vertical block.~~~move to the right by 6~~~place a vertical block.~~~move to the left by 5~~~place a horizontal block.~~~move to the right by 4~~~place a horizontal block.~~~move to the right by 7~~~place a horizontal block.~~~move to the left by 1~~~place a vertical block.~~~place a vertical block.~~~move to the right by 1~~~place a horizontal block.,l_8 r_3 v l_5 h r_4 h r_7 r_0 l_1 v v r_1 h
27,3,16,0.5,1,true,13,h l_4 h l_1 v v r_12 h l_1 v v r_1 h,place a horizontal block.~~~move to the left by 4~~~place a horizontal block.~~~move to the left by 1~~~place a vertical block.~~~place a vertical block.~~~move to the right by 12~~~place a horizontal block.~~~move to the left by 1~~~place a vertical block.~~~place a vertical block.~~~move to the right by 1~~~place a horizontal block.,h l_4 h l_1 v v r_12 h l_1 v v r_1 h
27,3,16,0.5,2,false,14,v r_6 v l_5 h r_4 h r_9 h l_4 h l_1 v v,place a vertical block.~~~move to the right by 6~~~place a vertical block.~~~move to the left by 5~~~place a horizontal block.~~~move to the right by 4~~~place a horizontal block.~~~move to the right by 9~~~place a horizontal block.~~~move to the left by 4~~~place a horizontal block.~~~move to the left by 1~~~place a vertical block.~~~place a vertical block.,v r_6 v l_5 h l_5 h r_9 h l_4 h l_1 v v
27,3,16,0.5,3,false,10,chunk_8 r_1 h r_12 h l_4 h l_1 v v,bloop~~~move to the right by 1~~~place a horizontal block.~~~move to the right by 12~~~place a horizontal block.~~~move to the left by 4~~~place a horizontal block.~~~move to the left by 1~~~place a vertical block.~~~place a vertical block.,chunk_8 r_1 h r_12 h l_4 h l_1 r_12 v
27,3,16,0.5,4,false,8,chunk_8 r_1 h r_6 chunk_9 h r_4 h,bloop~~~move to the right by 1~~~place a horizontal block.~~~move to the right by 6~~~blab~~~place a horizontal block.~~~move to the right by 4~~~place a horizontal block.,chunk_8 r_1 h r_6 chunk_9 h r_4 l_6
27,3,16,0.5,5,false,3,chunk_L r_9 chunk_Pi,blah~~~move to the right by 9~~~blarp,chunk_8 r_9 chunk_9
27,3,16,0.5,6,false,3,chunk_Pi r_7 chunk_C,blah~~~move to the right by 7~~~blah,chunk_Pi r_7 chunk_Pi
27,3,16,0.5,7,false,3,chunk_Pi r_9 chunk_L,blah~~~move to the right by 9~~~blah,chunk_C r_9 chunk_C
27,3,16,0.5,8,false,3,chunk_L r_12 chunk_C,blah~~~move to the right by 12~~~blah,chunk_C r_12 chunk_C
27,3,16,0.5,9,false,3,chunk_C r_12 chunk_L,blah~~~move to the right by 12~~~blah,chunk_L r_12 chunk_9
27,3,16,0.5,10,false,3,chunk_L r_9 chunk_Pi,blah~~~move to the right by 9~~~blah,chunk_8 r_9 chunk_8
27,3,16,0.5,11,false,3,chunk_C r_6 chunk_Pi,blah~~~move to the right by 6~~~blah,chunk_Pi r_6 chunk_Pi
27,4,16,0.5,0,false,14,v r_6 v l_5 h r_4 h r_7 h l_1 v v r_1 h,place a vertical block.~~~move to the right by 6~~~place a vertical block.~~~move to the left by 5~~~place a horizontal block.~~~move to the right by 4~~~place a horizontal block.~~~move to the right by 7~~~place a horizontal block.~~~move to the left by 1~~~place a vertical block.~~~place a vertical block.~~~move to the right by 1~~~place a horizontal block.,v r_6 v l_5 h r_4 h r_7 h l_1 v l_2 r_1 r_7
27,4,16,0.5,1,false,13,h l_4 h l_1 v v r_12 h l_1 v v r_1 h,place a horizontal block.~~~move to the left by 4~~~place a horizontal block.~~~move to the left by 1~~~place a vertical block.~~~place a vertical block.~~~move to the right by 12~~~place a horizontal block.~~~move to the left by 1~~~place a vertical block.~~~place a vertical block.~~~move to the right by 1~~~place a horizontal block.,h l_4 h l_1 l_0 r_1 r_12 h l_1 v v r_1 h
27,4,16,0.5,2,false,14,v r_6 v l_5 h r_4 h r_9 h l_4 h l_1 v v,place a vertical block.~~~move to the right by 6~~~place a vertical block.~~~move to the left by 5~~~place a horizontal block.~~~move to the right by 4~~~place a horizontal block.~~~move to the right by 9~~~place a horizontal block.~~~move to the left by 4~~~place a horizontal block.~~~move to the left by 1~~~place a vertical block.~~~place a vertical block.,v r_6 v l_5 h r_4 h r_9 h l_4 h l_6 r_11 v
27,4,16,0.5,3,false,10,chunk_8 r_1 h r_12 h l_4 h l_1 v v,blab~~~move to the right by 1~~~place a horizontal block.~~~move to the right by 12~~~place a horizontal block.~~~move to the left by 4~~~place a horizontal block.~~~move to the left by 1~~~place a vertical block.~~~place a vertical block.,chunk_8 r_1 r_5 r_12 h chunk_8 h r_10 v v
27,4,16,0.5,4,true,8,chunk_8 r_1 h r_6 chunk_9 h r_4 h,blab~~~move to the right by 1~~~place a horizontal block.~~~move to the right by 6~~~blah~~~place a horizontal block.~~~move to the right by 4~~~place a horizontal block.,chunk_8 r_1 h r_6 chunk_9 h r_4 h
27,4,16,0.5,5,false,3,chunk_L r_9 chunk_Pi,bleep~~~move to the right by 9~~~bloop,chunk_C r_9 chunk_8
27,4,16,0.5,6,false,3,chunk_Pi r_7 chunk_C,bloop~~~move to the right by 7~~~bleep,chunk_Pi r_7 chunk_8
27,4,16,0.5,7,false,3,chunk_Pi r_9 chunk_L,bloop~~~move to the right by 9~~~bleep,chunk_8 r_9 chunk_L
27,4,16,0.5,8,false,3,chunk_L r_12 chunk_C,bleep~~~move to the right by 12~~~bleep,chunk_Pi r_12 chunk_8
27,4,16,0.5,9,false,3,chunk_C r_12 chunk_L,bleep~~~move to the right by 12~~~bloop,chunk_8 r_12 chunk_9
27,4,16,0.5,10,false,3,chunk_L r_9 chunk_Pi,bloop~~~move to the right by 9~~~bleep,chunk_8 r_9 l_8
27,4,16,0.5,11,false,3,chunk_C r_6 chunk_Pi,bloop~~~move to the right by 6~~~bloop,chunk_L r_4 chunk_Pi
27,5,16,0.5,0,false,14,v r_6 v l_5 h r_4 h r_7 h l_1 v v r_1 h,place a vertical block.~~~move to the right by 6~~~place a vertical block.~~~move to the left by 5~~~place a horizontal block.~~~move to the right by 4~~~place a horizontal block.~~~move to the right by 7~~~place a horizontal block.~~~move to the left by 1~~~place a vertical block.~~~place a vertical block.~~~move to the right by 1~~~place a horizontal block.,v r_6 v l_5 h r_1 h r_7 h l_1 v v r_1 h
27,5,16,0.5,1,false,13,h l_4 h l_1 v v r_12 h l_1 v v r_1 h,place a horizontal block.~~~move to the left by 4~~~place a horizontal block.~~~move to the left by 1~~~place a vertical block.~~~place a vertical block.~~~move to the right by 12~~~place a horizontal block.~~~move to the left by 1~~~place a vertical block.~~~place a vertical block.~~~move to the right by 1~~~place a horizontal block.,h r_0 l_6 l_1 v l_7 r_12 h l_1 v v r_1 h
27,5,16,0.5,2,true,14,v r_6 v l_5 h r_4 h r_9 h l_4 h l_1 v v,place a vertical block.~~~move to the right by 6~~~place a vertical block.~~~move to the left by 5~~~place a horizontal block.~~~move to the right by 4~~~place a horizontal block.~~~move to the right by 9~~~place a horizontal block.~~~move to the left by 4~~~place a horizontal block.~~~move to the left by 1~~~place a vertical block.~~~place a vertical block.,v r_6 v l_5 h r_4 h r_9 h l_4 h l_1 v v
27,5,16,0.5,3,false,10,chunk_8 r_1 h r_12 h l_4 h l_1 v v,blarp~~~move to the right by 1~~~place a horizontal block.~~~move to the right by 12~~~place a horizontal block.~~~move to the left by 4~~~place a horizontal block.~~~move to the left by 1~~~place a vertical block.~~~place a vertical block.,chunk_8 r_1 h r_12 h l_4 h l_1 l_12 v
27,5,16,0.5,4,false,8,chunk_8 r_1 h r_6 chunk_9 h r_4 h,blarp~~~move to the right by 1~~~place a horizontal block.~~~move to the right by 6~~~blab~~~place a horizontal block.~~~move to the right by 4~~~place a horizontal block.,r_5 r_1 h r_6 chunk_8 h r_4 h
27,5,16,0.5,5,false,3,chunk_L r_9 chunk_Pi,blab~~~move to the right by 9~~~bleep,chunk_8 r_9 chunk_9
27,5,16,0.5,6,false,3,chunk_Pi r_7 chunk_C,blarp~~~move to the right by 7~~~blarp,chunk_9 r_7 r_4
27,5,16,0.5,7,false,3,chunk_Pi r_9 chunk_L,blarp~~~move to the right by 9~~~blarp,chunk_C r_9 chunk_Pi
27,5,16,0.5,8,false,3,chunk_L r_12 chunk_C,blarp~~~move to the right by 12~~~blarp,chunk_C r_12 chunk_C
27,5,16,0.5,9,false,3,chunk_C r_12 chunk_L,blarp~~~move to the right by 12~~~blarp,chunk_8 r_12 chunk_9
27,5,16,0.5,10,true,3,chunk_L r_9 chunk_Pi,blarp~~~move to the right by 9~~~blarp,chunk_L r_9 chunk_Pi
27,5,16,0.5,11,false,3,chunk_C r_6 chunk_Pi,blarp~~~move to the right by 6~~~blarp,chunk_9 r_6 chunk_C
27,6,16,0.5,0,false,14,v r_6 v l_5 h r_4 h r_7 h l_1 v v r_1 h,place a vertical block.~~~move to the right by 6~~~place a vertical block.~~~move to the left by 5~~~place a horizontal block.~~~move to the right by 4~~~place a horizontal block.~~~move to the right by 7~~~place a horizontal block.~~~move to the left by 1~~~place a vertical block.~~~place a vertical block.~~~move to the right by 1~~~place a horizontal block.,v r_6 l_12 l_5 h r_4 h r_7 h l_1 v v r_1 h
27,6,16,0.5,1,false,13,h l_4 h l_1 v v r_12 h l_1 v v r_1 h,place a horizontal block.~~~move to the left by 4~~~place a horizontal block.~~~move to the left by 1~~~place a vertical block.~~~place a vertical block.~~~move to the right by 12~~~place a horizontal block.~~~move to the left by 1~~~place a vertical block.~~~place a vertical block.~~~move to the right by 1~~~place a horizontal block.,h l_4 h l_1 v v r_12 h r_8 v v r_1 h
27,6,16,0.5,2,true,14,v r_6 v l_5 h r_4 h r_9 h l_4 h l_1 v v,place a vertical block.~~~move to the right by 6~~~place a vertical block.~~~move to the left by 5~~~place a horizontal block.~~~move to the right by 4~~~place a horizontal block.~~~move to the right by 9~~~place a horizontal block.~~~move to the left by 4~~~place a horizontal block.~~~move to the left by 1~~~place a vertical block.~~~place a vertical block.,v r_6 v l_5 h r_4 h r_9 h l_4 h l_1 v v
27,6,16,0.5,3,false,10,chunk_8 r_1 h r_12 h l_4 h l_1 v v,blarp~~~move to the right by 1~~~place a horizontal block.~~~move to the right by 12~~~place a horizontal block.~~~move to the left by 4~~~place a horizontal block.~~~move to the left by 1~~~place a vertical block.~~~place a vertical block.,chunk_8 l_7 h r_12 h l_4 h l_1 v v
27,6,16,0.5,4,true,8,chunk_8 r_1 h r_6 chunk_9 h r_4 h,blarp~~~move to the right by 1~~~place a horizontal block.~~~move to the right by 6~~~blah~~~place a horizontal block.~~~move to the right by 4~~~place a horizontal block.,chunk_8 r_1 h r_6 chunk_9 h r_4 h
27,6,16,0.5,5,false,3,chunk_L r_9 chunk_Pi,blab~~~move to the right by 9~~~bloop,l_3 r_9 chunk_C
27,6,16,0.5,6,false,3,chunk_Pi r_7 chunk_C,bleep~~~move to the right by 7~~~bloop,chunk_8 r_7 chunk_Pi
27,6,16,0.5,7,false,3,chunk_Pi r_9 chunk_L,bloop~~~move to the right by 9~~~bloop,chunk_C r_9 r_8
27,6,16,0.5,8,false,3,chunk_L r_12 chunk_C,bloop~~~move to the right by 12~~~bloop,chunk_L r_0 chunk_Pi
27,6,16,0.5,9,false,3,chunk_C r_12 chunk_L,bloop~~~move to the right by 12~~~bloop,l_6 r_12 chunk_Pi
27,6,16,0.5,10,false,3,chunk_L r_9 chunk_Pi,bloop~~~move to the right by 9~~~bloop,l_9 r_9 chunk_C
27,6,16,0.5,11,false,3,chunk_C r_6 chunk_Pi,bloop~~~move to the right by 6~~~bloop,chunk_Pi r_6 chunk_9
27,7,16,0.5,0,false,14,v r_6 v l_5 h r_4 h r_7 h l_1 v v r_1 h,place a vertical block.~~~move to the right by 6~~~place a vertical block.~~~move to the left by 5~~~place a horizontal block.~~~move to the right by 4~~~place a horizontal block.~~~move to the right by 7~~~place a horizontal block.~~~move to the left by 1~~~place a vertical block.~~~place a vertical block.~~~move to the right by 1~~~place a horizontal block.,v r_6 v l_5 h r_4 r_5 r_7 h l_1 v v l_11 h
27,7,16,0.5,1,false,13,h l_4 h l_1 v v r_12 h l_1 v v r_1 h,place a horizontal block.~~~move to the left by 4~~~place a horizontal block.~~~move to the left by 1~~~place a vertical block.~~~place a vertical block.~~~move to the right by 12~~~place a horizontal block.~~~move to the left by 1~~~place a vertical block.~~~place a vertical block.~~~move to the right by 1~~~place a horizontal block.,r_12 l_4 h l_1 v l_4 r_12 h l_1 v v r_1 h
27,7,16,0.5,2,false,14,v r_6 v l_5 h r_4 h r_9 h l_4 h l_1 v v,place a vertical block.~~~move to the right by 6~~~place a vertical block.~~~move to the left by 5~~~place a horizontal block.~~~move to the right by 4~~~place a horizontal block.~~~move to the right by 9~~~place a horizontal block.~~~move to the left by 4~~~place a horizontal block.~~~move to the left by 1~~~place a vertical block.~~~place a vertical block.,l_0 r_6 v l_5 h r_4 h r_9 h l_4 h l_1 r_12 v
27,7,16,0.5,3,true,10,chunk_8 r_1 h r_12 h l_4 h l_1 v v,blab~~~move to the right by 1~~~place a horizontal block.~~~move to the right by 12~~~place a horizontal block.~~~move to the left by 4~~~place a horizontal block.~~~move to the left by 1~~~place a vertical block.~~~place a vertical block.,chunk_8 r_1 h r_12 h l_4 h l_1 v v
27,7,16,0.5,4,false,8,chunk_8 r_1 h r_6 chunk_9 h r_4 h,blab~~~move to the right by 1~~~place a horizontal block.~~~move to the right by 6~~~blarp~~~place a horizontal block.~~~move to the right by 4~~~place a horizontal block.,chunk_9 r_1 h r_6 chunk_8 h r_4 h
27,7,16,0.5,5,false,3,chunk_L r_9 chunk_Pi,blab~~~move to the right by 9~~~blab,chunk_9 r_1 chunk_Pi
27,7,16,0.5,6,false,3,chunk_Pi r_7 chunk_C,blab~~~move to the right by 7~~~blab,chunk_8 r_7 chunk_L
27,7,16,0.5,7,false,3,chunk_Pi r_9 chunk_L,blab~~~move to the right by 9~~~blab,chunk_8 r_9 chunk_8
27,7,16,0.5,8,false,3,chunk_L r_12 chunk_C,blab~~~move to the right by 12~~~blab,l_1 r_12 l_1
27,7,16,0.5,9,false,3,chunk_C r_12 chunk_L,blab~~~move to the right by 12~~~blab,chunk_C r_12 chunk_9
27,7,16,0.5,10,false,3,chunk_L r_9 chunk_Pi,blab~~~move to the right by 9~~~blab,chunk_C r_9 chunk_Pi
27,7,16,0.5,11,false,3,chunk_C r_6 chunk_Pi,blab~~~move to the right by 6~~~blab,chunk_8 l_6 chunk_9
27,8,16,0.5,0,false,14,v r_6 v l_5 h r_4 h r_7 h l_1 v v r_1 h,place a vertical block.~~~move to the right by 6~~~place a vertical block.~~~move to the left by 5~~~place a horizontal block.~~~move to the right by 4~~~place a horizontal block.~~~move to the right by 7~~~place a horizontal block.~~~move to the left by 1~~~place a vertical block.~~~place a vertical block.~~~move to the right by 1~~~place a horizontal block.,v r_6 v l_5 h r_4 h r_7 h l_1 v r_7 r_1 h
27,8,16,0.5,1,false,13,h l_4 h l_1 v v r_12 h l_1 v v r_1 h,place a horizontal block.~~~move to the left by 4~~~place a horizontal block.~~~move to the left by 1~~~place a vertical block.~~~place a vertical block.~~~move to the right by 12~~~place a horizontal block.~~~move to the left by 1~~~place a vertical block.~~~place a vertical block.~~~move to the right by 1~~~place a horizontal block.,h l_4 h l_1 v v r_12 h l_1 v v r_3 h
27,8,16,0.5,2,false,14,v r_6 v l_5 h r_4 h r_9 h l_4 h l_1 v v,place a vertical block.~~~move to the right by 6~~~place a vertical block.~~~move to the left by 5~~~place a horizontal block.~~~move to the right by 4~~~place a horizontal block.~~~move to the right by 9~~~place a horizontal block.~~~move to the left by 4~~~place a horizontal block.~~~move to the left by 1~~~place a vertical block.~~~place a vertical block.,v r_6 v l_5 h r_4 l_4 r_9 h l_4 h l_1 v v
27,8,16,0.5,3,false,10,chunk_8 r_1 h r_12 h l_4 h l_1 v v,blah~~~move to the right by 1~~~place a horizontal block.~~~move to the right by 12~~~place a horizontal block.~~~move to the left by 4~~~place a horizontal block.~~~move to the left by 1~~~place a vertical block.~~~place a vertical block.,chunk_8 r_1 h r_12 h l_4 h l_3 v v
27,8,16,0.5,4,false,8,chunk_8 r_1 h r_6 chunk_9 h r_4 h,blah~~~move to the right by 1~~~place a horizontal block.~~~move to the right by 6~~~bloop~~~place a horizontal block.~~~move to the right by 4~~~place a horizontal block.,chunk_9 r_1 h r_6 chunk_8 r_12 r_4 h
27,8,16,0.5,5,false,3,chunk_L r_9 chunk_Pi,blah~~~move to the right by 9~~~blah,chunk_8 r_9 chunk_Pi
27,8,16,0.5,6,false,3,chunk_Pi r_7 chunk_C,blah~~~move to the right by 7~~~blah,chunk_9 r_7 chunk_8
27,8,16,0.5,7,false,3,chunk_Pi r_9 chunk_L,blah~~~move to the right by 9~~~blah,chunk_8 r_9 chunk_L
27,8,16,0.5,8,false,3,chunk_L r_12 chunk_C,blah~~~move to the right by 12~~~blah,chunk_9 r_12 chunk_8
27,8,16,0.5,9,false,3,chunk_C r_12 chunk_L,blah~~~move to the right by 12~~~blah,chunk_8 r_12 r_3
27,8,16,0.5,10,false,3,chunk_L r_9 chunk_Pi,blah~~~move to the right by 9~~~blah,chunk_8 r_9 chunk_8
27,8,16,0.5,11,false,3,chunk_C r_6 chunk_Pi,blah~~~move to the right by 6~~~blah,chunk_Pi r_6 chunk_8
27,9,16,0.5,0,false,14,v r_6 v l_5 h r_4 h r_7 h l_1 v v r_1 h,place a vertical block.~~~move to the right by 6~~~place a vertical block.~~~move to the left by 5~~~place a horizontal block.~~~move to the right by 4~~~place a horizontal block.~~~move to the right by 7~~~place a horizontal block.~~~move to the left by 1~~~place a vertical block.~~~place a vertical block.~~~move to the right by 1~~~place a horizontal block.,v r_6 v l_5 h l_9 h r_7 l_5 l_1 v v r_1 h
27,9,16,0.5,1,false,13,h l_4 h l_1 v v r_12 h l_1 v v r_1 h,place a horizontal block.~~~move to the left by 4~~~place a horizontal block.~~~move to the left by 1~~~place a vertical block.~~~place a vertical block.~~~move to the right by 12~~~place a horizontal block.~~~move to the left by 1~~~place a vertical block.~~~place a vertical block.~~~move to the right by 1~~~place a horizontal block.,h l_4 h l_1 v v r_12 h l_1 v l_10 r_1 h
27,9,16,0.5,2,true,14,v r_6 v l_5 h r_4 h r_9 h l_4 h l_1 v v,place a vertical block.~~~move to the right by 6~~~place a vertical block.~~~move to the left by 5~~~place a horizontal block.~~~move to the right by 4~~~place a horizontal block.~~~move to the right by 9~~~place a horizontal block.~~~move to the left by 4~~~place a horizontal block.~~~move to the left by 1~~~place a vertical block.~~~place a vertical block.,v r_6 v l_5 h r_4 h r_9 h l_4 h l_1 v v
27,9,16,0.5,3,false,10,chunk_8 r_1 h r_12 h l_4 h l_1 v v,blab~~~move to the right by 1~~~place a horizontal block.~~~move to the right by 12~~~place a horizontal block.~~~move to the left by 4~~~place a horizontal block.~~~move to the left by 1~~~place a vertical block.~~~place a vertical block.,chunk_8 r_1 h r_12 h l_4 l_0 l_1 v v
27,9,16,0.5,4,false,8,chunk_8 r_1 h r_6 chunk_9 h r_4 h,blab~~~move to the right by 1~~~place a horizontal block.~~~move to the right by 6~~~blarp~~~place a horizontal block.~~~move to the right by 4~~~place a horizontal block.,chunk_8 r_1 h r_12 chunk_9 h r_4 h
27,9,16,0.5,5,false,3,chunk_L r_9 chunk_Pi,blah~~~move to the right by 9~~~bleep,chunk_L r_9 chunk_8
27,9,16,0.5,6,false,3,chunk_Pi r_7 chunk_C,bloop~~~move to the right by 7~~~bleep,chunk_8 r_7 chunk_Pi
27,9,16,0.5,7,false,3,chunk_Pi r_9 chunk_L,bleep~~~move to the right by 9~~~blah,chunk_8 r_9 chunk_8
27,9,16,0.5,8,false,3,chunk_L r_12 chunk_C,blah~~~move to the right by 12~~~bleep,chunk_L r_12 l_2
27,9,16,0.5,9,true,3,chunk_C r_12 chunk_L,bleep~~~move to the right by 12~~~blah,chunk_C r_12 chunk_L
27,9,16,0.5,10,false,3,chunk_L r_9 chunk_Pi,blah~~~move to the right by 9~~~bleep,chunk_Pi r_9 chunk_8
27,9,16,0.5,11,false,3,chunk_C r_6 chunk_Pi,bleep~~~move to the right by 6~~~bleep,chunk_8 r_6 chunk_8
27,10,16,0.5,0,false,14,v r_6 v l_5 h r_4 h r_7 h l_1 v v r_1 h,place a vertical block.~~~move to the right by 6~~~place a vertical block.~~~move to the left by 5~~~place a horizontal block.~~~move to the right by 4~~~place a horizontal block.~~~move to the right by 7~~~place a horizontal block.~~~move to the left by 1~~~place a vertical block.~~~place a vertical block.~~~move to the right by 1~~~place a horizontal block.,v l_10 v l_10 l_11 r_4 r_6 r_7 h r_9 v v r_1 r_3
27,10,16,0.5,1,true,13,h l_4 h l_1 v v r_12 h l_1 v v r_1 h,place a horizontal block.~~~move to the left by 4~~~place a horizontal block.~~~move to the left by 1~~~place a vertical block.~~~place a vertical block.~~~move to the right by 12~~~place a horizontal block.~~~move to the left by 1~~~place a vertical block.~~~place a vertical block.~~~move to the right by 1~~~place a horizontal block.,h l_4 h l_1 v v r_12 h l_1 v v r_1 h
27,10,16,0.5,2,false,14,v r_6 v l_5 h r_4 h r_9 h l_4 h l_1 v v,place a vertical block.~~~move to the right by 6~~~place a vertical block.~~~move to the left by 5~~~place a horizontal block.~~~move to the right by 4~~~place a horizontal block.~~~move to the right by 9~~~place a horizontal block.~~~move to the left by 4~~~place a horizontal block.~~~move to the left by 1~~~place a vertical block.~~~place a vertical block.,v l_6 v l_5 h r_4 h r_9 r_2 l_4 h r_3 v v
27,10,16,0.5,3,true,10,chunk_8 r_1 h r_12 h l_4 h l_1 v v,bleep~~~move to the right by 1~~~place a horizontal block.~~~move to the right by 12~~~place a horizontal block.~~~move to the left by 4~~~place a horizontal block.~~~move to the left by 1~~~place a vertical block.~~~place a vertical block.,chunk_8 r_1 h r_12 h l_4 h l_1 v v
27,10,16,0.5,4,false,8,chunk_8 r_1 h r_6 chunk_9 h r_4 h,bleep~~~move to the right by 1~~~place a horizontal block.~~~move to the right by 6~~~bloop~~~place a horizontal block.~~~move to the right by 4~~~place a horizontal block.,chunk_9 r_1 h r_10 l_3 l_12 r_4 h
27,10,16,0.5,5,false,3,chunk_L r_9 chunk_Pi,bleep~~~move to the right by 9~~~bleep,chunk_9 r_9 chunk_9
27,10,16,0.5,6,false,3,chunk_Pi r_7 chunk_C,blab~~~move to the right by 7~~~bleep,chunk_L r_7 chunk_Pi
27,10,16,0.5,7,false,3,chunk_Pi r_9 chunk_L,bleep~~~move to the right by 9~~~blab,chunk_8 h chunk_Pi
27,10,16,0.5,8,false,3,chunk_L r_12 chunk_C,bleep~~~move to the right by 12~~~bleep,chunk_9 r_12 chunk_8
27,10,16,0.5,9,false,3,chunk_C r_12 chunk_L,bleep~~~move to the right by 12~~~blab,r_2 r_12 chunk_9
27,10,16,0.5,10,false,3,chunk_L r_9 chunk_Pi,bleep~~~move to the right by 9~~~bleep,chunk_9 r_9 chunk_8
27,10,16,0.5,11,false,3,chunk_C r_6 chunk_Pi,bleep~~~move to the right by 6~~~bleep,chunk_L r_6 chunk_L
27,11,16,0.5,0,true,14,v r_6 v l_5 h r_4 h r_7 h l_1 v v r_1 h,place a vertical block.~~~move to the right by 6~~~place a vertical block.~~~move to the left by 5~~~place a horizontal block.~~~move to the right by 4~~~place a horizontal block.~~~move to the right by 7~~~place a horizontal block.~~~move to the left by 1~~~place a vertical block.~~~place a vertical block.~~~move to the right by 1~~~place a horizontal block.,v r_6 v l_5 h r_4 h r_7 h l_1 v v r_1 h
27,11,16,0.5,1,true,13,h l_4 h l_1 v v r_12 h l_1 v v r_1 h,place a horizontal block.~~~move to the left by 4~~~place a horizontal block.~~~move to the left by 1~~~place a vertical block.~~~place a vertical block.~~~move to the right by 12~~~place a horizontal block.~~~move to the left by 1~~~place a vertical block.~~~place a vertical block.~~~move to the right by 1~~~place a horizontal block.,h l_4 h l_1 v v r_12 h l_1 v v r_1 h
27,11,16,0.5,2,false,14,v r_6 v l_5 h r_4 h r_9 h l_4 h l_1 v v,place a vertical block.~~~move to the right by 6~~~place a vertical block.~~~move to the left by 5~~~place a horizontal block.~~~move to the right by 4~~~place a horizontal block.~~~move to the right by 9~~~place a horizontal block.~~~move to the left by 4~~~place a horizontal block.~~~move to the left by 1~~~place a vertical block.~~~place a vertical block.,v v v l_5 l_6 l_1 h r_9 h l_4 h r_1 v v
27,11,16,0.5,3,false,10,chunk_8 r_1 h r_12 h l_4 h l_1 v v,blah~~~move to the right by 1~~~place a horizontal block.~~~move to the right by 12~~~place a horizontal block.~~~move to the left by 4~~~place a horizontal block.~~~move to the left by 1~~~place a vertical block.~~~place a vertical block.,chunk_8 l_0 h r_12 h l_4 h r_8 v v
27,11,16,0.5,4,false,8,chunk_8 r_1 h r_6 chunk_9 h r_4 h,blah~~~move to the right by 1~~~place a horizontal block.~~~move to the right by 6~~~bleep~~~place a horizontal block.~~~move to the right by 4~~~place a horizontal block.,chunk_8 r_1 h r_6 chunk_8 h r_4 h
27,11,16,0.5,5,false,3,chunk_L r_9 chunk_Pi,bleep~~~move to the right by 9~~~bleep,chunk_9 r_9 chunk_8
27,11,16,0.5,6,false,3,chunk_Pi r_7 chunk_C,bleep~~~move to the right by 7~~~bleep,chunk_Pi r_7 chunk_8
27,11,16,0.5,7,true,3,chunk_Pi r_9 chunk_L,bleep~~~move to the right by 9~~~bleep,chunk_Pi r_9 chunk_L
27,11,16,0.5,8,false,3,chunk_L r_12 chunk_C,bleep~~~move to the right by 12~~~bleep,chunk_9 r_12 chunk_Pi
27,11,16,0.5,9,false,3,chunk_C r_12 chunk_L,bleep~~~move to the right by 12~~~bleep,chunk_L r_12 chunk_9
27,11,16,0.5,10,false,3,chunk_L r_9 chunk_Pi,bleep~~~move to the right by 9~~~bleep,chunk_Pi r_9 chunk_L
27,11,16,0.5,11,false,3,chunk_C r_6 chunk_Pi,bleep~~~move to the right by 6~~~bleep,chunk_L r_6 l_4
27,12,16,0.5,0,false,14,v r_6 v l_5 h r_4 h r_7 h l_1 v v r_1 h,place a vertical block.~~~move to the right by 6~~~place a vertical block.~~~move to the left by 5~~~place a horizontal block.~~~move to the right by 4~~~place a horizontal block.~~~move to the right by 7~~~place a horizontal block.~~~move to the left by 1~~~place a vertical block.~~~place a vertical block.~~~move to the right by 1~~~place a horizontal block.,v r_6 v l_5 h r_4 h l_0 h l_9 v v r_12 h
27,12,16,0.5,1,false,13,h l_4 h l_1 v v r_12 h l_1 v v r_1 h,place a horizontal block.~~~move to the left by 4~~~place a horizontal block.~~~move to the left by 1~~~place a vertical block.~~~place a vertical block.~~~move to the right by 12~~~place a horizontal block.~~~move to the left by 1~~~place a vertical block.~~~place a vertical block.~~~move to the right by 1~~~place a horizontal block.,h l_4 h l_1 v v r_12 h l_1 v v r_1 l_2
27,12,16,0.5,2,false,14,v r_6 v l_5 h r_4 h r_9 h l_4 h l_1 v v,place a vertical block.~~~move to the right by 6~~~place a vertical block.~~~move to the left by 5~~~place a horizontal block.~~~move to the right by 4~~~place a horizontal block.~~~move to the right by 9~~~place a horizontal block.~~~move to the left by 4~~~place a horizontal block.~~~move to the left by 1~~~place a vertical block.~~~place a vertical block.,l_2 r_6 v l_5 h l_11 h r_9 l_11 l_4 h l_1 v v
27,12,16,0.5,3,false,10,chunk_8 r_1 h r_12 h l_4 h l_1 v v,bloop~~~move to the right by 1~~~place a horizontal block.~~~move to the right by 12~~~place a horizontal block.~~~move to the left by 4~~~place a horizontal block.~~~move to the left by 1~~~place a vertical block.~~~place a vertical block.,chunk_8 r_1 l_2 r_12 h l_4 h l_1 v v
27,12,16,0.5,4,false,8,chunk_8 r_1 h r_6 chunk_9 h r_4 h,bloop~~~move to the right by 1~~~place a horizontal block.~~~move to the right by 6~~~bleep~~~place a horizontal block.~~~move to the right by 4~~~place a horizontal block.,chunk_8 r_1 h r_6 r_7 r_5 r_4 h
27,12,16,0.5,5,false,3,chunk_L r_9 chunk_Pi,bleep~~~move to the right by 9~~~blab,chunk_L r_9 chunk_8
27,12,16,0.5,6,false,3,chunk_Pi r_7 chunk_C,blab~~~move to the right by 7~~~blab,chunk_L r_7 chunk_8
27,12,16,0.5,7,false,3,chunk_Pi r_9 chunk_L,blab~~~move to the right by 9~~~bleep,chunk_L r_9 chunk_8
27,12,16,0.5,8,false,3,chunk_L r_12 chunk_C,blab~~~move to the right by 12~~~blab,r_9 r_12 r_2
27,12,16,0.5,9,false,3,chunk_C r_12 chunk_L,blab~~~move to the right by 12~~~blab,l_6 r_5 chunk_Pi
27,12,16,0.5,10,false,3,chunk_L r_9 chunk_Pi,bleep~~~move to the right by 9~~~bleep,chunk_C r_9 chunk_Pi
27,12,16,0.5,11,false,3,chunk_C r_6 chunk_Pi,blab~~~move to the right by 6~~~bleep,chunk_9 r_6 chunk_8
27,13,16,0.5,0,true,14,v r_6 v l_5 h r_4 h r_7 h l_1 v v r_1 h,place a vertical block.~~~move to the right by 6~~~place a vertical block.~~~move to the left by 5~~~place a horizontal block.~~~move to the right by 4~~~place a horizontal block.~~~move to the right by 7~~~place a horizontal block.~~~move to the left by 1~~~place a vertical block.~~~place a vertical block.~~~move to the right by 1~~~place a horizontal block.,v r_6 v l_5 h r_4 h r_7 h l_1 v v r_1 h
27,13,16,0.5,1,false,13,h l_4 h l_1 v v r_12 h l_1 v v r_1 h,place a horizontal block.~~~move to the left by 4~~~place a horizontal block.~~~move to the left by 1~~~place a vertical block.~~~place a vertical block.~~~move to the right by 12~~~place a horizontal block.~~~move to the left by 1~~~place a vertical block.~~~place a vertical block.~~~move to the right by 1~~~place a horizontal block.,h l_4 h l_1 v v r_12 h l_1 r_12 l_12 r_1 h
27,13,16,0.5,2,false,14,v r_6 v l_5 h r_4 h r_9 h l_4 h l_1 v v,place a vertical block.~~~move to the right by 6~~~place a vertical block.~~~move to the left by 5~~~place a horizontal block.~~~move to the right by 4~~~place a horizontal block.~~~move to the right by 9~~~place a horizontal block.~~~move to the left by 4~~~place a horizontal block.~~~move to the left by 1~~~place a vertical block.~~~place a vertical block.,v r_6 v l_5 r_11 r_4 r_0 r_9 h l_4 h l_1 v v
27,13,16,0.5,3,false,10,chunk_8 r_1 h r_12 h l_4 h l_1 v v,blab~~~move to the right by 1~~~place a horizontal block.~~~move to the right by 12~~~place a horizontal block.~~~move to the left by 4~~~place a horizontal block.~~~move to the left by 1~~~place a vertical block.~~~place a vertical block.,chunk_8 r_1 h r_12 h l_4 l_5 l_1 v v
27,13,16,0.5,4,false,8,chunk_8 r_1 h r_6 chunk_9 h r_4 h,blab~~~move to the right by 1~~~place a horizontal block.~~~move to the right by 6~~~bloop~~~place a horizontal block.~~~move to the right by 4~~~place a horizontal block.,chunk_8 r_1 h r_6 chunk_8 h r_4 h
27,13,16,0.5,5,false,3,chunk_L r_9 chunk_Pi,bloop~~~move to the right by 9~~~bloop,chunk_C r_9 chunk_8
27,13,16,0.5,6,false,3,chunk_Pi r_7 chunk_C,bloop~~~move to the right by 7~~~bloop,chunk_Pi r_7 chunk_8
27,13,16,0.5,7,false,3,chunk_Pi r_9 chunk_L,bloop~~~move to the right by 9~~~bloop,chunk_9 r_9 chunk_8
27,13,16,0.5,8,false,3,chunk_L r_12 chunk_C,bloop~~~move to the right by 12~~~bloop,chunk_9 r_12 chunk_L
27,13,16,0.5,9,false,3,chunk_C r_12 chunk_L,bloop~~~move to the right by 12~~~bloop,chunk_9 r_12 chunk_9
27,13,16,0.5,10,false,3,chunk_L r_9 chunk_Pi,bloop~~~move to the right by 9~~~bloop,chunk_9 r_9 chunk_8
27,13,16,0.5,11,false,3,chunk_C r_6 chunk_Pi,bloop~~~move to the right by 6~~~bloop,chunk_Pi r_6 chunk_L
27,14,16,0.5,0,false,14,v r_6 v l_5 h r_4 h r_7 h l_1 v v r_1 h,place a vertical block.~~~move to the right by 6~~~place a vertical block.~~~move to the left by 5~~~place a horizontal block.~~~move to the right by 4~~~place a horizontal block.~~~move to the right by 7~~~place a horizontal block.~~~move to the left by 1~~~place a vertical block.~~~place a vertical block.~~~move to the right by 1~~~place a horizontal block.,v r_6 v l_5 h r_4 h r_7 h l_1 v l_9 r_1 r_12
27,14,16,0.5,1,false,13,h l_4 h l_1 v v r_12 h l_1 v v r_1 h,place a horizontal block.~~~move to the left by 4~~~place a horizontal block.~~~move to the left by 1~~~place a vertical block.~~~place a vertical block.~~~move to the right by 12~~~place a horizontal block.~~~move to the left by 1~~~place a vertical block.~~~place a vertical block.~~~move to the right by 1~~~place a horizontal block.,h l_4 h l_1 l_5 v r_12 h l_1 v v r_1 h
27,14,16,0.5,2,true,14,v r_6 v l_5 h r_4 h r_9 h l_4 h l_1 v v,place a vertical block.~~~move to the right by 6~~~place a vertical block.~~~move to the left by 5~~~place a horizontal block.~~~move to the right by 4~~~place a horizontal block.~~~move to the right by 9~~~place a horizontal block.~~~move to the left by 4~~~place a horizontal block.~~~move to the left by 1~~~place a vertical block.~~~place a vertical block.,v r_6 v l_5 h r_4 h r_9 h l_4 h l_1 v v
27,14,16,0.5,3,false,10,chunk_8 r_1 h r_12 h l_4 h l_1 v v,bloop~~~move to the right by 1~~~place a horizontal block.~~~move to the right by 12~~~place a horizontal block.~~~move to the left by 4~~~place a horizontal block.~~~move to the left by 1~~~place a vertical block.~~~place a vertical block.,chunk_8 r_1 h r_12 h l_4 h l_1 r_1 v
27,14,16,0.5,4,false,8,chunk_8 r_1 h r_6 chunk_9 h r_4 h,bloop~~~move to the right by 1~~~place a horizontal block.~~~move to the right by 6~~~blah~~~place a horizontal block.~~~move to the right by 4~~~place a horizontal block.,chunk_9 r_1 h l_10 chunk_9 h r_4 h
27,14,16,0.5,5,false,3,chunk_L r_9 chunk_Pi,bloop~~~move to the right by 9~~~bloop,chunk_8 r_9 chunk_L
27,14,16,0.5,6,false,3,chunk_Pi r_7 chunk_C,bloop~~~move to the right by 7~~~bloop,chunk_L r_7 chunk_C
27,14,16,0.5,7,false,3,chunk_Pi r_9 chunk_L,bloop~~~move to the right by 9~~~bloop,chunk_8 r_7 chunk_C
27,14,16,0.5,8,false,3,chunk_L r_12 chunk_C,bloop~~~move to the right by 12~~~bloop,chunk_Pi r_12 chunk_8
27,14,16,0.5,9,false,3,chunk_C r_12 chunk_L,bloop~~~move to the right by 12~~~bloop,chunk_Pi r_12 h
27,14,16,0.5,10,false,3,chunk_L r_9 chunk_Pi,bloop~~~move to the right by 9~~~bloop,chunk_C r_9 l_1
27,14,16,0.5,11,false,3,chunk_C r_6 chunk_Pi,bloop~~~move to the right by 6~~~bloop,l_11 r_6 chunk_C
27,15,16,0.5,0,true,14,v r_6 v l_5 h r_4 h r_7 h l_1 v v r_1 h,place a vertical block.~~~move to the right by 6~~~place a vertical block.~~~move to the left by 5~~~place a horizontal block.~~~move to the right by 4~~~place a horizontal block.~~~move to the right by 7~~~place a horizontal block.~~~move to the left by 1~~~place a vertical block.~~~place a vertical block.~~~move to the right by 1~~~place a horizontal block.,v r_6 v l_5 h r_4 h r_7 h l_1 v v r_1 h
27,15,16,0.5,1,false,13,h l_4 h l_1 v v r_12 h l_1 v v r_1 h,place a horizontal block.~~~move to the left by 4~~~place a horizontal block.~~~move to the left by 1~~~place a vertical block.~~~place a vertical block.~~~move to the right by 12~~~place a horizontal block.~~~move to the left by 1~~~place a vertical block.~~~place a vertical block.~~~move to the right by 1~~~place a horizontal block.,h l_4 h l_1 v v r_12 h l_1 r_7 v r_1 h
27,15,16,0.5,2,false,14,v r_6 v l_5 h r_4 h r_9 h l_4 h l_1 v v,place a vertical block.~~~move to the right by 6~~~place a vertical block.~~~move to the left by 5~~~place a horizontal block.~~~move to the right by 4~~~place a horizontal block.~~~move to the right by 9~~~place a horizontal block.~~~move to the left by 4~~~place a horizontal block.~~~move to the left by 1~~~place a vertical block.~~~place a vertical block.,v l_1 v l_5 h r_4 h r_9 h l_4 h l_1 v v
27,15,16,0.5,3,false,10,chunk_8 r_1 h r_12 h l_4 h l_1 v v,blah~~~move to the right by 1~~~place a horizontal block.~~~move to the right by 12~~~place a horizontal block.~~~move to the left by 4~~~place a horizontal block.~~~move to the left by 1~~~place a vertical block.~~~place a vertical block.,chunk_8 r_1 h r_12 h l_9 h l_1 v v
27,15,16,0.5,4,false,8,chunk_8 r_1 h r_6 chunk_9 h r_4 h,blah~~~move to the right by 1~~~place a horizontal block.~~~move to the right by 6~~~blarp~~~place a horizontal block.~~~move to the right by 4~~~place a horizontal block.,chunk_8 r_1 h r_6 chunk_8 h r_4 h
27,15,16,0.5,5,false,3,chunk_L r_9 chunk_Pi,blarp~~~move to the right by 9~~~blarp,chunk_C r_8 chunk_Pi
27,15,16,0.5,6,false,3,chunk_Pi r_7 chunk_C,blarp~~~move to the right by 7~~~blarp,chunk_8 r_7 chunk_9
27,15,16,0.5,7,false,3,chunk_Pi r_9 chunk_L,blarp~~~move to the right by 9~~~blarp,chunk_L r_9 chunk_Pi
27,15,16,0.5,8,false,3,chunk_L r_12 chunk_C,blarp~~~move to the right by 12~~~blarp,chunk_8 r_12 chunk_9
27,15,16,0.5,9,false,3,chunk_C r_12 chunk_L,blarp~~~move to the right by 12~~~blarp,chunk_9 r_4 chunk_9
27,15,16,0.5,10,false,3,chunk_L r_9 chunk_Pi,blarp~~~move to the right by 9~~~blarp,chunk_L r_9 chunk_L
27,15,16,0.5,11,false,3,chunk_C r_6 chunk_Pi,blarp~~~move to the right by 6~~~blarp,chunk_C r_6 chunk_9
27,16,16,0.5,0,false,14,v r_6 v l_5 h r_4 h r_7 h l_1 v v r_1 h,place a vertical block.~~~move to the right by 6~~~place a vertical block.~~~move to the left by 5~~~place a horizontal block.~~~move to the right by 4~~~place a horizontal block.~~~move to the right by 7~~~place a horizontal block.~~~move to the left by 1~~~place a vertical block.~~~place a vertical block.~~~move to the right by 1~~~place a horizontal block.,v l_6 v l_5 h r_4 h r_7 r_11 l_1 v l_4 r_1 h
27,16,16,0.5,1,true,13,h l_4 h l_1 v v r_12 h l_1 v v r_1 h,place a horizontal block.~~~move to the left by 4~~~place a horizontal block.~~~move to the left by 1~~~place a vertical block.~~~place a vertical block.~~~move to the right by 12~~~place a horizontal block.~~~move to the left by 1~~~place a vertical block.~~~place a vertical block.~~~move to the right by 1~~~place a horizontal block.,h l_4 h l_1 v v r_12 h l_1 v v r_1 h
27,16,16,0.5,2,false,14,v r_6 v l_5 h r_4 h r_9 h l_4 h l_1 v v,place a vertical block.~~~move to the right by 6~~~place a vertical block.~~~move to the left by 5~~~place a horizontal block.~~~move to the right by 4~~~place a horizontal block.~~~move to the right by 9~~~place a horizontal block.~~~move to the left by 4~~~place a horizontal block.~~~move to the left by 1~~~place a vertical block.~~~place a vertical block.,v r_6 v l_5 h r_4 h r_9 h l_4 l_4 l_1 v v
27,16,16,0.5,3,false,10,chunk_8 r_1 h r_12 h l_4 h l_1 v v,blarp~~~move to the right by 1~~~place a horizontal block.~~~move to the right by 12~~~place a horizontal block.~~~move to the left by 4~~~place a horizontal block.~~~move to the left by 1~~~place a vertical block.~~~place a vertical block.,chunk_8 r_1 h r_12 h l_4 l_8 l_1 r_6 v
27,16,16,0.5,4,false,8,chunk_8 r_1 h r_6 chunk_9 h r_4 h,blarp~~~move to the right by 1~~~place a horizontal block.~~~move to the right by 6~~~blah~~~place a horizontal block.~~~move to the right by 4~~~place a horizontal block.,chunk_8 r_1 h r_6 chunk_8 h r_4 h
27,16,16,0.5,5,false,3,chunk_L r_9 chunk_Pi,blah~~~move to the right by 9~~~blah,chunk_Pi r_9 chunk_9
27,16,16,0.5,6,false,3,chunk_Pi r_7 chunk_C,blah~~~move to the right by 7~~~blah,chunk_9 r_7 chunk_8
27,16,16,0.5,7,false,3,chunk_Pi r_9 chunk_L,blah~~~move to the right by 9~~~blah,chunk_L r_9 chunk_L
27,16,16,0.5,8,false,3,chunk_L r_12 chunk_C,blah~~~move to the right by 12~~~blah,chunk_9 r_12 chunk_Pi
27,16,16,0.5,9,false,3,chunk_C r_12 chunk_L,blah~~~move to the right by 12~~~blah,chunk_Pi r_12 l_5
27,16,16,0.5,10,false,3,chunk_L r_9 chunk_Pi,blah~~~move to the right by 9~~~blah,chunk_C r_9 chunk_9
27,16,16,0.5,11,false,3,chunk_C r_6 chunk_Pi,blah~~~move to the right by 6~~~blah,chunk_9 r_6 chunk_8
27,17,16,0.5,0,true,14,v r_6 v l_5 h r_4 h r_7 h l_1 v v r_1 h,place a vertical block.~~~move to the right by 6~~~place a vertical block.~~~move to the left by 5~~~place a horizontal block.~~~move to the right by 4~~~place a horizontal block.~~~move to the right by 7~~~place a horizontal block.~~~move to the left by 1~~~place a vertical block.~~~place a vertical block.~~~move to the right by 1~~~place a horizontal block.,v r_6 v l_5 h r_4 h r_7 h l_1 v v r_1 h
27,17,16,0.5,1,false,13,h l_4 h l_1 v v r_12 h l_1 v v r_1 h,place a horizontal block.~~~move to the left by 4~~~place a horizontal block.~~~move to the left by 1~~~place a vertical block.~~~place a vertical block.~~~move to the right by 12~~~place a horizontal block.~~~move to the left by 1~~~place a vertical block.~~~place a vertical block.~~~move to the right by 1~~~place a horizontal block.,h l_4 h l_1 v v r_12 h l_1 r_8 v r_1 l_6
27,17,16,0.5,2,false,14,v r_6 v l_5 h r_4 h r_9 h l_4 h l_1 v v,place a vertical block.~~~move to the right by 6~~~place a vertical block.~~~move to the left by 5~~~place a horizontal block.~~~move to the right by 4~~~place a horizontal block.~~~move to the right by 9~~~place a horizontal block.~~~move to the left by 4~~~place a horizontal block.~~~move to the left by 1~~~place a vertical block.~~~place a vertical block.,v r_6 v l_5 r_4 r_4 h r_9 h l_4 h l_1 v v
27,17,16,0.5,3,true,10,chunk_8 r_1 h r_12 h l_4 h l_1 v v,blah~~~move to the right by 1~~~place a horizontal block.~~~move to the right by 12~~~place a horizontal block.~~~move to the left by 4~~~place a horizontal block.~~~move to the left by 1~~~place a vertical block.~~~place a vertical block.,chunk_8 r_1 h r_12 h l_4 h l_1 v v
27,17,16,0.5,4,false,8,chunk_8 r_1 h r_6 chunk_9 h r_4 h,blah~~~move to the right by 1~~~place a horizontal block.~~~move to the right by 6~~~blab~~~place a horizontal block.~~~move to the right by 4~~~place a horizontal block.,chunk_9 l_5 h r_6 chunk_8 h r_4 h
27,17,16,0.5,5,false,3,chunk_L r_9 chunk_Pi,blah~~~move to the right by 9~~~blah,chunk_C r_9 chunk_L
27,17,16,0.5,6,false,3,chunk_Pi r_7 chunk_C,blah~~~move to the right by 7~~~blah,chunk_Pi r_7 chunk_9
27,17,16,0.5,7,false,3,chunk_Pi r_9 chunk_L,blah~~~move to the right by 9~~~blah,chunk_Pi r_9 chunk_8
27,17,16,0.5,8,false,3,chunk_L r_12 chunk_C,blah~~~move to the right by 12~~~blah,chunk_Pi r_12 chunk_9
27,17,16,0.5,9,false,3,chunk_C r_12 chunk_L,blah~~~move to the right by 12~~~blah,chunk_C r_12 chunk_Pi
27,17,16,0.5,10,false,3,chunk_L r_9 chunk_Pi,blah~~~move to the right by 9~~~blah,chunk_8 r_9 chunk_L
27,17,16,0.5,11,false,3,chunk_C r_6 chunk_Pi,blah~~~move to the right by 6~~~blah,chunk_Pi r_6 chunk_L
27,18,16,0.5,0,false,14,v r_6 v l_5 h r_4 h r_7 h l_1 v v r_1 h,place a vertical block.~~~move to the right by 6~~~place a vertical block.~~~move to the left by 5~~~place a horizontal block.~~~move to the right by 4~~~place a horizontal block.~~~move to the right by 7~~~place a horizontal block.~~~move to the left by 1~~~place a vertical block.~~~place a vertical block.~~~move to the right by 1~~~place a horizontal block.,l_1 r_6 v l_5 h l_1 h r_7 h l_1 v v r_1 h
27,18,16,0.5,1,false,13,h l_4 h l_1 v v r_12 h l_1 v v r_1 h,place a horizontal block.~~~move to the left by 4~~~place a horizontal block.~~~move to the left by 1~~~place a vertical block.~~~place a vertical block.~~~move to the right by 12~~~place a horizontal block.~~~move to the left by 1~~~place a vertical block.~~~place a vertical block.~~~move to the right by 1~~~place a horizontal block.,h l_4 h l_1 v v r_12 h l_1 v v r_9 r_12
27,18,16,0.5,2,false,14,v r_6 v l_5 h r_4 h r_9 h l_4 h l_1 v v,place a vertical block.~~~move to the right by 6~~~place a vertical block.~~~move to the left by 5~~~place a horizontal block.~~~move to the right by 4~~~place a horizontal block.~~~move to the right by 9~~~place a horizontal block.~~~move to the left by 4~~~place a horizontal block.~~~move to the left by 1~~~place a vertical block.~~~place a vertical block.,v l_0 v l_5 h r_4 h r_9 h l_4 h l_1 v v
27,18,16,0.5,3,true,10,chunk_8 r_1 h r_12 h l_4 h l_1 v v,bleep~~~move to the right by 1~~~place a horizontal block.~~~move to the right by 12~~~place a horizontal block.~~~move to the left by 4~~~place a horizontal block.~~~move to the left by 1~~~place a vertical block.~~~place a vertical block.,chunk_8 r_1 h r_12 h l_4 h l_1 v v
27,18,16,0.5,4,false,8,chunk_8 r_1 h r_6 chunk_9 h r_4 h,bleep~~~move to the right by 1~~~place a horizontal block.~~~move to the right by 6~~~bloop~~~place a horizontal block.~~~move to the right by 4~~~place a horizontal block.,chunk_9 r_11 h r_6 chunk_9 h r_4 h
27,18,16,0.5,5,false,3,chunk_L r_9 chunk_Pi,bleep~~~move to the right by 9~~~bleep,chunk_8 r_9 l_11
27,18,16,0.5,6,false,3,chunk_Pi r_7 chunk_C,bleep~~~move to the right by 7~~~bleep,chunk_8 r_7 chunk_L
27,18,16,0.5,7,false,3,chunk_Pi r_9 chunk_L,bleep~~~move to the right by 9~~~bleep,chunk_8 r_9 chunk_9
27,18,16,0.5,8,false,3,chunk_L r_12 chunk_C,bleep~~~move to the right by 12~~~bleep,chunk_8 r_12 chunk_L
27,18,16,0.5,9,false,3,chunk_C r_12 chunk_L,bleep~~~move to the right by 12~~~bleep,chunk_8 r_12 chunk_8
27,18,16,0.5,10,false,3,chunk_L r_9 chunk_Pi,bleep~~~move to the right by 9~~~bleep,chunk_8 r_9 chunk_C
27,18,16,0.5,11,false,3,chunk_C r_6 chunk_Pi,bleep~~~move to the right by 6~~~bleep,chunk_9 r_6 chunk_8
27,19,16,0.5,0,true,14,v r_6 v l_5 h r_4 h r_7 h l_1 v v r_1 h,place a vertical block.~~~move to the right by 6~~~place a vertical block.~~~move to the left by 5~~~place a horizontal block.~~~move to the right by 4~~~place a horizontal block.~~~move to the right by 7~~~place a horizontal block.~~~move to the left by 1~~~place a vertical block.~~~place a vertical block.~~~move to the right by 1~~~place a horizontal block.,v r_6 v l_5 h r_4 h r_7 h l_1 v v r_1 h
27,19,16,0.5,1,false,13,h l_4 h l_1 v v r_12 h l_1 v v r_1 h,place a horizontal block.~~~move to the left by 4~~~place a horizontal block.~~~move to the left by 1~~~place a vertical block.~~~place a vertical block.~~~move to the right by 12~~~place a horizontal block.~~~move to the left by 1~~~place a vertical block.~~~place a vertical block.~~~move to the right by 1~~~place a horizontal block.,h l_4 l_11 l_1 v v r_12 h l_1 v v r_1 l_3
27,19,16,0.5,2,true,14,v r_6 v l_5 h r_4 h r_9 h l_4 h l_1 v v,place a vertical block.~~~move to the right by 6~~~place a vertical block.~~~move to the left by 5~~~place a horizontal block.~~~move to the right by 4~~~place a horizontal block.~~~move to the right by 9~~~place a horizontal block.~~~move to the left by 4~~~place a horizontal block.~~~move to the left by 1~~~place a vertical block.~~~place a vertical block.,v r_6 v l_5 h r_4 h r_9 h l_4 h l_1 v v
27,19,16,0.5,3,false,10,chunk_8 r_1 h r_12 h l_4 h l_1 v v,bleep~~~move to the right by 1~~~place a horizontal block.~~~move to the right by 12~~~place a horizontal block.~~~move to the left by 4~~~place a horizontal block.~~~move to the left by 1~~~place a vertical block.~~~place a vertical block.,chunk_8 r_1 chunk_8 r_12 r_2 h h l_1 v r_8
27,19,16,0.5,4,true,8,chunk_8 r_1 h r_6 chunk_9 h r_4 h,bleep~~~move to the right by 1~~~place a horizontal block.~~~move to the right by 6~~~blab~~~place a horizontal block.~~~move to the right by 4~~~place a horizontal block.,chunk_8 r_1 h r_6 chunk_9 h r_4 h
27,19,16,0.5,5,false,3,chunk_L r_9 chunk_Pi,blarp~~~move to the right by 9~~~bloop,chunk_8 r_9 chunk_9
27,19,16,0.5,6,false,3,chunk_Pi r_7 chunk_C,blarp~~~move to the right by 7~~~blarp,chunk_C r_7 chunk_8
27,19,16,0.5,7,false,3,chunk_Pi r_9 chunk_L,blarp~~~move to the right by 9~~~blarp,chunk_C r_9 chunk_Pi
27,19,16,0.5,8,false,3,chunk_L r_12 chunk_C,blarp~~~move to the right by 12~~~blarp,chunk_L r_12 chunk_9
27,19,16,0.5,9,false,3,chunk_C r_12 chunk_L,blarp~~~move to the right by 12~~~blarp,chunk_8 r_12 chunk_Pi
27,19,16,0.5,10,false,3,chunk_L r_9 chunk_Pi,blarp~~~move to the right by 9~~~blarp,chunk_C r_9 chunk_8
27,19,16,0.5,11,false,3,chunk_C r_6 chunk_Pi,blarp~~~move to the right by 6~~~blarp,chunk_9 r_11 chunk_Pi
27,20,16,0.5,0,false,14,v r_6 v l_5 h r_4 h r_7 h l_1 v v r_1 h,place a vertical block.~~~move to the right by 6~~~place a vertical block.~~~move to the left by 5~~~place a horizontal block.~~~move to the right by 4~~~place a horizontal block.~~~move to the right by 7~~~place a horizontal block.~~~move to the left by 1~~~place a vertical block.~~~place a vertical block.~~~move to the right by 1~~~place a horizontal block.,v r_6 v l_5 h l_4 l_10 r_7 h l_1 v v v h
27,20,16,0.5,1,true,13,h l_4 h l_1 v v r_12 h l_1 v v r_1 h,place a horizontal block.~~~move to the left by 4~~~place a horizontal block.~~~move to the left by 1~~~place a vertical block.~~~place a vertical block.~~~move to the right by 12~~~place a horizontal block.~~~move to the left by 1~~~place a vertical block.~~~place a vertical block.~~~move to the right by 1~~~place a horizontal block.,h l_4 h l_1 v v r_12 h l_1 v v r_1 h
27,20,16,0.5,2,true,14,v r_6 v l_5 h r_4 h r_9 h l_4 h l_1 v v,place a vertical block.~~~move to the right by 6~~~place a vertical block.~~~move to the left by 5~~~place a horizontal block.~~~move to the right by 4~~~place a horizontal block.~~~move to the right by 9~~~place a horizontal block.~~~move to the left by 4~~~place a horizontal block.~~~move to the left by 1~~~place a vertical block.~~~place a vertical block.,v r_6 v l_5 h r_4 h r_9 h l_4 h l_1 v v
27,20,16,0.5,3,false,10,chunk_8 r_1 h r_12 h l_4 h l_1 v v,blab~~~move to the right by 1~~~place a horizontal block.~~~move to the right by 12~~~place a horizontal block.~~~move to the left by 4~~~place a horizontal block.~~~move to the left by 1~~~place a vertical block.~~~place a vertical block.,chunk_8 r_1 h r_3 h l_4 h l_1 v v
27,20,16,0.5,4,false,8,chunk_8 r_1 h r_6 chunk_9 h r_4 h,blab~~~move to the right by 1~~~place a horizontal block.~~~move to the right by 6~~~blarp~~~place a horizontal block.~~~move to the right by 4~~~place a horizontal block.,chunk_8 r_1 h r_2 chunk_8 h l_10 h
27,20,16,0.5,5,false,3,chunk_L r_9 chunk_Pi,blarp~~~move to the right by 9~~~blarp,chunk_9 r_5 chunk_8
27,20,16,0.5,6,false,3,chunk_Pi r_7 chunk_C,blarp~~~move to the right by 7~~~blarp,chunk_8 r_7 chunk_L
27,20,16,0.5,7,false,3,chunk_Pi r_9 chunk_L,blarp~~~move to the right by 9~~~blarp,chunk_9 r_9 chunk_8
27,20,16,0.5,8,false,3,chunk_L r_12 chunk_C,blarp~~~move to the right by 12~~~blarp,chunk_C r_12 chunk_8
27,20,16,0.5,9,false,3,chunk_C r_12 chunk_L,blarp~~~move to the right by 12~~~blarp,chunk_8 r_12 chunk_C
27,20,16,0.5,10,false,3,chunk_L r_9 chunk_Pi,blarp~~~move to the right by 9~~~blarp,chunk_8 r_9 chunk_9
27,20,16,0.5,11,false,3,chunk_C r_6 chunk_Pi,blarp~~~move to the right by 6~~~blarp,chunk_8 r_6 chunk_9
27,21,16,0.5,0,true,14,v r_6 v l_5 h r_4 h r_7 h l_1 v v r_1 h,place a vertical block.~~~move to the right by 6~~~place a vertical block.~~~move to the left by 5~~~place a horizontal block.~~~move to the right by 4~~~place a horizontal block.~~~move to the right by 7~~~place a horizontal block.~~~move to the left by 1~~~place a vertical block.~~~place a vertical block.~~~move to the right by 1~~~place a horizontal block.,v r_6 v l_5 h r_4 h r_7 h l_1 v v r_1 h
27,21,16,0.5,1,false,13,h l_4 h l_1 v v r_12 h l_1 v v r_1 h,place a horizontal block.~~~move to the left by 4~~~place a horizontal block.~~~move to the left by 1~~~place a vertical block.~~~place a vertical block.~~~move to the right by 12~~~place a horizontal block.~~~move to the left by 1~~~place a vertical block.~~~place a vertical block.~~~move to the right by 1~~~place a horizontal block.,h l_4 h l_1 v v r_12 l_0 l_1 v v r_1 h
27,21,16,0.5,2,false,14,v r_6 v l_5 h r_4 h r_9 h l_4 h l_1 v v,place a vertical block.~~~move to the right by 6~~~place a vertical block.~~~move to the left by 5~~~place a horizontal block.~~~move to the right by 4~~~place a horizontal block.~~~move to the right by 9~~~place a horizontal block.~~~move to the left by 4~~~place a horizontal block.~~~move to the left by 1~~~place a vertical block.~~~place a vertical block.,l_1 r_6 v l_5 h r_4 h r_9 h l_4 h l_1 v v
27,21,16,0.5,3,false,10,chunk_8 r_1 h r_12 h l_4 h l_1 v v,bleep~~~move to the right by 1~~~place a horizontal block.~~~move to the right by 12~~~place a horizontal block.~~~move to the left by 4~~~place a horizontal block.~~~move to the left by 1~~~place a vertical block.~~~place a vertical block.,h r_1 h r_12 h l_4 h l_1 r_0 v
27,21,16,0.5,4,false,8,chunk_8 r_1 h r_6 chunk_9 h r_4 h,blah~~~move to the right by 1~~~place a horizontal block.~~~move to the right by 6~~~blab~~~place a horizontal block.~~~move to the right by 4~~~place a horizontal block.,chunk_9 r_1 h r_6 chunk_8 h r_4 h
27,21,16,0.5,5,false,3,chunk_L r_9 chunk_Pi,bloop~~~move to the right by 9~~~bleep,chunk_8 r_9 chunk_Pi
27,21,16,0.5,6,false,3,chunk_Pi r_7 chunk_C,bleep~~~move to the right by 7~~~blarp,chunk_8 r_7 chunk_8
27,21,16,0.5,7,false,3,chunk_Pi r_9 chunk_L,bleep~~~move to the right by 9~~~bleep,chunk_8 r_9 chunk_Pi
27,21,16,0.5,8,false,3,chunk_L r_12 chunk_C,bleep~~~move to the right by 12~~~bleep,chunk_9 r_12 chunk_8
27,21,16,0.5,9,false,3,chunk_C r_12 chunk_L,bleep~~~move to the right by 12~~~bleep,chunk_C r_12 chunk_Pi
27,21,16,0.5,10,false,3,chunk_L r_9 chunk_Pi,bleep~~~move to the right by 9~~~bleep,chunk_C r_9 chunk_L
27,21,16,0.5,11,false,3,chunk_C r_6 chunk_Pi,bleep~~~move to the right by 6~~~bleep,chunk_9 r_6 chunk_C
27,22,16,0.5,0,false,14,v r_6 v l_5 h r_4 h r_7 h l_1 v v r_1 h,place a vertical block.~~~move to the right by 6~~~place a vertical block.~~~move to the left by 5~~~place a horizontal block.~~~move to the right by 4~~~place a horizontal block.~~~move to the right by 7~~~place a horizontal block.~~~move to the left by 1~~~place a vertical block.~~~place a vertical block.~~~move to the right by 1~~~place a horizontal block.,v l_11 v l_5 h r_4 h r_7 h l_1 v v r_1 h
27,22,16,0.5,1,false,13,h l_4 h l_1 v v r_12 h l_1 v v r_1 h,place a horizontal block.~~~move to the left by 4~~~place a horizontal block.~~~move to the left by 1~~~place a vertical block.~~~place a vertical block.~~~move to the right by 12~~~place a horizontal block.~~~move to the left by 1~~~place a vertical block.~~~place a vertical block.~~~move to the right by 1~~~place a horizontal block.,h l_4 l_1 l_1 l_1 v r_10 h l_1 v v r_1 h
27,22,16,0.5,2,false,14,v r_6 v l_5 h r_4 h r_9 h l_4 h l_1 v v,place a vertical block.~~~move to the right by 6~~~place a vertical block.~~~move to the left by 5~~~place a horizontal block.~~~move to the right by 4~~~place a horizontal block.~~~move to the right by 9~~~place a horizontal block.~~~move to the left by 4~~~place a horizontal block.~~~move to the left by 1~~~place a vertical block.~~~place a vertical block.,v r_6 v l_5 l_9 r_4 h r_9 h l_6 h l_12 l_8 v
27,22,16,0.5,3,false,10,chunk_8 r_1 h r_12 h l_4 h l_1 v v,blab~~~move to the right by 1~~~place a horizontal block.~~~move to the right by 12~~~place a horizontal block.~~~move to the left by 4~~~place a horizontal block.~~~move to the left by 1~~~place a vertical block.~~~place a vertical block.,chunk_8 r_12 h r_12 h l_5 h l_1 v v
27,22,16,0.5,4,false,8,chunk_8 r_1 h r_6 chunk_9 h r_4 h,blab~~~move to the right by 1~~~place a horizontal block.~~~move to the right by 6~~~bloop~~~place a horizontal block.~~~move to the right by 4~~~place a horizontal block.,chunk_9 r_1 h r_6 chunk_9 h r_4 h
27,22,16,0.5,5,false,3,chunk_L r_9 chunk_Pi,blab~~~move to the right by 9~~~blab,chunk_Pi r_9 chunk_Pi
27,22,16,0.5,6,false,3,chunk_Pi r_7 chunk_C,blab~~~move to the right by 7~~~blab,h r_7 chunk_8
27,22,16,0.5,7,false,3,chunk_Pi r_9 chunk_L,blab~~~move to the right by 9~~~blab,chunk_9 r_9 chunk_9
27,22,16,0.5,8,false,3,chunk_L r_12 chunk_C,blab~~~move to the right by 12~~~blab,chunk_9 v chunk_Pi
27,22,16,0.5,9,false,3,chunk_C r_12 chunk_L,blab~~~move to the right by 12~~~blab,chunk_9 r_12 chunk_8
27,22,16,0.5,10,false,3,chunk_L r_9 chunk_Pi,blab~~~move to the right by 9~~~blab,chunk_L r_9 chunk_8
27,22,16,0.5,11,false,3,chunk_C r_6 chunk_Pi,blab~~~move to the right by 6~~~blab,chunk_9 r_6 chunk_Pi
27,23,16,0.5,0,true,14,v r_6 v l_5 h r_4 h r_7 h l_1 v v r_1 h,place a vertical block.~~~move to the right by 6~~~place a vertical block.~~~move to the left by 5~~~place a horizontal block.~~~move to the right by 4~~~place a horizontal block.~~~move to the right by 7~~~place a horizontal block.~~~move to the left by 1~~~place a vertical block.~~~place a vertical block.~~~move to the right by 1~~~place a horizontal block.,v r_6 v l_5 h r_4 h r_7 h l_1 v v r_1 h
27,23,16,0.5,1,false,13,h l_4 h l_1 v v r_12 h l_1 v v r_1 h,place a horizontal block.~~~move to the left by 4~~~place a horizontal block.~~~move to the left by 1~~~place a vertical block.~~~place a vertical block.~~~move to the right by 12~~~place a horizontal block.~~~move to the left by 1~~~place a vertical block.~~~place a vertical block.~~~move to the right by 1~~~place a horizontal block.,h h h l_1 v v r_12 h l_1 v l_1 r_1 h
27,23,16,0.5,2,true,14,v r_6 v l_5 h r_4 h r_9 h l_4 h l_1 v v,place a vertical block.~~~move to the right by 6~~~place a vertical block.~~~move to the left by 5~~~place a horizontal block.~~~move to the right by 4~~~place a horizontal block.~~~move to the right by 9~~~place a horizontal block.~~~move to the left by 4~~~place a horizontal block.~~~move to the left by 1~~~place a vertical block.~~~place a vertical block.,v r_6 v l_5 h r_4 h r_9 h l_4 h l_1 v v
27,23,16,0.5,3,false,10,chunk_8 r_1 h r_12 h l_4 h l_1 v v,blab~~~move to the right by 1~~~place a horizontal block.~~~move to the right by 12~~~place a horizontal block.~~~move to the left by 4~~~place a horizontal block.~~~move to the left by 1~~~place a vertical block.~~~place a vertical block.,chunk_8 r_1 h l_1 h l_4 h l_1 v r_7
27,23,16,0.5,4,false,8,chunk_8 r_1 h r_6 chunk_9 h r_4 h,blab~~~move to the right by 1~~~place a horizontal block.~~~move to the right by 6~~~blarp~~~place a horizontal block.~~~move to the right by 4~~~place a horizontal block.,chunk_9 r_4 h r_6 chunk_9 h r_4 h
27,23,16,0.5,5,false,3,chunk_L r_9 chunk_Pi,blab~~~move to the right by 9~~~blab,chunk_9 r_9 chunk_Pi
27,23,16,0.5,6,false,3,chunk_Pi r_7 chunk_C,blab~~~move to the right by 7~~~blab,chunk_L r_7 chunk_8
27,23,16,0.5,7,false,3,chunk_Pi r_9 chunk_L,blab~~~move to the right by 9~~~blab,chunk_8 r_9 chunk_9
27,23,16,0.5,8,false,3,chunk_L r_12 chunk_C,blab~~~move to the right by 12~~~blab,chunk_Pi r_12 chunk_C
27,23,16,0.5,9,false,3,chunk_C r_12 chunk_L,blab~~~move to the right by 12~~~blab,l_3 r_12 chunk_L
27,23,16,0.5,10,false,3,chunk_L r_9 chunk_Pi,blab~~~move to the right by 9~~~blab,chunk_L r_9 chunk_9
27,23,16,0.5,11,false,3,chunk_C r_6 chunk_Pi,blab~~~move to the right by 6~~~blab,chunk_8 r_6 chunk_9
27,24,16,0.5,0,false,14,v r_6 v l_5 h r_4 h r_7 h l_1 v v r_1 h,place a vertical block.~~~move to the right by 6~~~place a vertical block.~~~move to the left by 5~~~place a horizontal block.~~~move to the right by 4~~~place a horizontal block.~~~move to the right by 7~~~place a horizontal block.~~~move to the left by 1~~~place a vertical block.~~~place a vertical block.~~~move to the right by 1~~~place a horizontal block.,v r_6 l_9 l_5 h r_4 h r_7 r_1 l_1 v v r_1 h
27,24,16,0.5,1,true,13,h l_4 h l_1 v v r_12 h l_1 v v r_1 h,place a horizontal block.~~~move to the left by 4~~~place a horizontal block.~~~move to the left by 1~~~place a vertical block.~~~place a vertical block.~~~move to the right by 12~~~place a horizontal block.~~~move to the left by 1~~~place a vertical block.~~~place a vertical block.~~~move to the right by 1~~~place a horizontal block.,h l_4 h l_1 v v r_12 h l_1 v v r_1 h
27,24,16,0.5,2,false,14,v r_6 v l_5 h r_4 h r_9 h l_4 h l_1 v v,place a vertical block.~~~move to the right by 6~~~place a vertical block.~~~move to the left by 5~~~place a horizontal block.~~~move to the right by 4~~~place a horizontal block.~~~move to the right by 9~~~place a horizontal block.~~~move to the left by 4~~~place a horizontal block.~~~move to the left by 1~~~place a vertical block.~~~place a vertical block.,r_4 r_8 v l_5 h r_4 l_11 r_9 h l_4 h l_1 v v
27,24,16,0.5,3,true,10,chunk_8 r_1 h r_12 h l_4 h l_1 v v,blah~~~move to the right by 1~~~place a horizontal block.~~~move to the right by 12~~~place a horizontal block.~~~move to the left by 4~~~place a horizontal block.~~~move to the left by 1~~~place a vertical block.~~~place a vertical block.,chunk_8 r_1 h r_12 h l_4 h l_1 v v
27,24,16,0.5,4,false,8,chunk_8 r_1 h r_6 chunk_9 h r_4 h,blah~~~move to the right by 1~~~place a horizontal block.~~~move to the right by 6~~~blarp~~~place a horizontal block.~~~move to the right by 4~~~place a horizontal block.,chunk_8 r_1 h r_6 chunk_8 r_1 l_7 h
27,24,16,0.5,5,false,3,chunk_L r_9 chunk_Pi,blarp~~~move to the right by 9~~~blarp,chunk_8 r_9 chunk_8
27,24,16,0.5,6,false,3,chunk_Pi r_7 chunk_C,blah~~~move to the right by 7~~~blah,chunk_Pi l_12 chunk_8
27,24,16,0.5,7,false,3,chunk_Pi r_9 chunk_L,blah~~~move to the right by 9~~~blah,chunk_Pi r_9 chunk_9
27,24,16,0.5,8,false,3,chunk_L r_12 chunk_C,blah~~~move to the right by 12~~~blah,chunk_Pi r_12 chunk_8
27,24,16,0.5,9,false,3,chunk_C r_12 chunk_L,blah~~~move to the right by 12~~~blah,r_12 r_12 chunk_8
27,24,16,0.5,10,false,3,chunk_L r_9 chunk_Pi,blah~~~move to the right by 9~~~blah,l_5 r_9 chunk_9
27,24,16,0.5,11,true,3,chunk_C r_6 chunk_Pi,blah~~~move to the right by 6~~~blah,chunk_C r_6 chunk_Pi
27,25,16,0.5,0,false,14,v r_6 v l_5 h r_4 h r_7 h l_1 v v r_1 h,place a vertical block.~~~move to the right by 6~~~place a vertical block.~~~move to the left by 5~~~place a horizontal block.~~~move to the right by 4~~~place a horizontal block.~~~move to the right by 7~~~place a horizontal block.~~~move to the left by 1~~~place a vertical block.~~~place a vertical block.~~~move to the right by 1~~~place a horizontal block.,v r_6 v l_5 h l_0 h r_7 l_2 l_1 v v l_10 r_3
27,25,16,0.5,1,false,13,h l_4 h l_1 v v r_12 h l_1 v v r_1 h,place a horizontal block.~~~move to the left by 4~~~place a horizontal block.~~~move to the left by 1~~~place a vertical block.~~~place a vertical block.~~~move to the right by 12~~~place a horizontal block.~~~move to the left by 1~~~place a vertical block.~~~place a vertical block.~~~move to the right by 1~~~place a horizontal block.,h l_4 h l_1 v v r_12 h l_1 v v r_1 r_11
27,25,16,0.5,2,false,14,v r_6 v l_5 h r_4 h r_9 h l_4 h l_1 v v,place a vertical block.~~~move to the right by 6~~~place a vertical block.~~~move to the left by 5~~~place a horizontal block.~~~move to the right by 4~~~place a horizontal block.~~~move to the right by 9~~~place a horizontal block.~~~move to the left by 4~~~place a horizontal block.~~~move to the left by 1~~~place a vertical block.~~~place a vertical block.,v l_3 l_5 l_5 h r_4 h r_9 h l_4 h l_1 v v
27,25,16,0.5,3,false,10,chunk_8 r_1 h r_12 h l_4 h l_1 v v,bleep~~~move to the right by 1~~~place a horizontal block.~~~move to the right by 12~~~place a horizontal block.~~~move to the left by 4~~~place a horizontal block.~~~move to the left by 1~~~place a vertical block.~~~place a vertical block.,chunk_8 r_1 r_2 r_6 h l_4 h l_1 v v
27,25,16,0.5,4,false,8,chunk_8 r_1 h r_6 chunk_9 h r_4 h,bleep~~~move to the right by 1~~~place a horizontal block.~~~move to the right by 6~~~blah~~~place a horizontal block.~~~move to the right by 4~~~place a horizontal block.,chunk_9 r_1 h r_6 chunk_8 l_1 r_4 h
27,25,16,0.5,5,false,3,chunk_L r_9 chunk_Pi,bleep~~~move to the right by 9~~~bleep,chunk_8 r_9 chunk_C
27,25,16,0.5,6,false,3,chunk_Pi r_7 chunk_C,bleep~~~move to the right by 7~~~bleep,chunk_C r_7 chunk_C
27,25,16,0.5,7,false,3,chunk_Pi r_9 chunk_L,bleep~~~move to the right by 9~~~bleep,chunk_8 r_9 chunk_C
27,25,16,0.5,8,false,3,chunk_L r_12 chunk_C,bleep~~~move to the right by 12~~~bleep,chunk_8 r_12 chunk_Pi
27,25,16,0.5,9,false,3,chunk_C r_12 chunk_L,bleep~~~move to the right by 12~~~bleep,chunk_C r_5 chunk_8
