Unnamed: 0,_id,score,iterationName,gameid,time,assignmentId,leftTarget,rightTarget,trialNum,turnNum,repNum,eventType,trialScore,cumulativeScore,cumulativeBonus
0,5ef3a6159bd44a067577f505,100.0,livetest0,1560-7c8a5938-8ca4-4d37-8a0d-a600a04650ce,1593026069098.0,33L7PJKHCKYV51US1KPA7UKWIPO8TH,vertical,horizontal,practice,0,practice,endTrial,,,
1,5ef3a6c69bd44a067577f512,100.0,livetest0,1560-7c8a5938-8ca4-4d37-8a0d-a600a04650ce,1593026246902.0,33L7PJKHCKYV51US1KPA7UKWIPO8TH,L,Pi,0,0,0,endTrial,,,
2,5ef3a7349bd44a067577f51e,100.0,livetest0,1560-7c8a5938-8ca4-4d37-8a0d-a600a04650ce,1593026356676.0,33L7PJKHCKYV51US1KPA7UKWIPO8TH,L,C,1,0,0,endTrial,,,
3,5ef3a7739bd44a067577f529,100.0,livetest0,1560-7c8a5938-8ca4-4d37-8a0d-a600a04650ce,1593026419112.0,33L7PJKHCKYV51US1KPA7UKWIPO8TH,C,Pi,2,0,0,endTrial,,,
4,5ef3a7b69bd44a067577f533,100.0,livetest0,1560-7c8a5938-8ca4-4d37-8a0d-a600a04650ce,1593026486440.0,33L7PJKHCKYV51US1KPA7UKWIPO8TH,L,C,3,0,1,endTrial,,,
5,5ef3a7e09bd44a067577f53d,100.0,livetest0,1560-7c8a5938-8ca4-4d37-8a0d-a600a04650ce,1593026528840.0,33L7PJKHCKYV51US1KPA7UKWIPO8TH,C,Pi,4,0,1,endTrial,,,
6,5ef3a80b9bd44a067577f547,100.0,livetest0,1560-7c8a5938-8ca4-4d37-8a0d-a600a04650ce,1593026571610.0,33L7PJKHCKYV51US1KPA7UKWIPO8TH,L,Pi,5,0,1,endTrial,,,
7,5ef3a8339bd44a067577f551,100.0,livetest0,1560-7c8a5938-8ca4-4d37-8a0d-a600a04650ce,1593026611443.0,33L7PJKHCKYV51US1KPA7UKWIPO8TH,L,C,6,0,2,endTrial,,,
8,5ef3a8509bd44a067577f55b,100.0,livetest0,1560-7c8a5938-8ca4-4d37-8a0d-a600a04650ce,1593026640788.0,33L7PJKHCKYV51US1KPA7UKWIPO8TH,L,Pi,7,0,2,endTrial,,,
9,5ef3a86d9bd44a067577f565,100.0,livetest0,1560-7c8a5938-8ca4-4d37-8a0d-a600a04650ce,1593026669011.0,33L7PJKHCKYV51US1KPA7UKWIPO8TH,C,Pi,8,0,2,endTrial,,,
10,5ef3a8899bd44a067577f56f,100.0,livetest0,1560-7c8a5938-8ca4-4d37-8a0d-a600a04650ce,1593026697785.0,33L7PJKHCKYV51US1KPA7UKWIPO8TH,C,Pi,9,0,3,endTrial,,,
11,5ef3a8a49bd44a067577f579,100.0,livetest0,1560-7c8a5938-8ca4-4d37-8a0d-a600a04650ce,1593026724620.0,33L7PJKHCKYV51US1KPA7UKWIPO8TH,L,Pi,10,0,3,endTrial,,,
12,5ef3a8bf9bd44a067577f583,100.0,livetest0,1560-7c8a5938-8ca4-4d37-8a0d-a600a04650ce,1593026751837.0,33L7PJKHCKYV51US1KPA7UKWIPO8TH,L,C,11,0,3,endTrial,,,
0,5ef783a1ce2f7f58fcd0a354,,pilot0,1494-029e2297-bd3f-4cfe-be00-d06d36724e4e,1593279393386.0,3E47SOBEYUW78Q4UOK6BV9E6YCECIM,vertical,horizontal,practice,0,practice,endTrial,25.0,0.0,0.0
1,5ef783c3ce2f7f58fcd0a35b,,pilot0,1494-029e2297-bd3f-4cfe-be00-d06d36724e4e,1593279427406.0,3E47SOBEYUW78Q4UOK6BV9E6YCECIM,vertical,horizontal,practice,0,practice,endTrial,100.0,0.0,0.0
2,5ef784d6ce2f7f58fcd0a3a0,,pilot0,1494-029e2297-bd3f-4cfe-be00-d06d36724e4e,1593279702736.0,3E47SOBEYUW78Q4UOK6BV9E6YCECIM,C,Pi,0,0,0,endTrial,87.0,87.0,0.06
3,5ef7859cce2f7f58fcd0a3d3,,pilot0,1494-029e2297-bd3f-4cfe-be00-d06d36724e4e,1593279900184.0,3E47SOBEYUW78Q4UOK6BV9E6YCECIM,L,C,1,0,0,endTrial,100.0,187.0,0.16
4,5ef7863ece2f7f58fcd0a405,,pilot0,1494-029e2297-bd3f-4cfe-be00-d06d36724e4e,1593280062979.0,3E47SOBEYUW78Q4UOK6BV9E6YCECIM,L,Pi,2,0,0,endTrial,87.0,274.0,0.22
5,5ef786b6ce2f7f58fcd0a439,,pilot0,1494-029e2297-bd3f-4cfe-be00-d06d36724e4e,1593280182554.0,3E47SOBEYUW78Q4UOK6BV9E6YCECIM,Pi,C,3,0,1,endTrial,31.0,305.0,0.22
6,5ef78732ce2f7f58fcd0a477,,pilot0,1494-029e2297-bd3f-4cfe-be00-d06d36724e4e,1593280306659.0,3E47SOBEYUW78Q4UOK6BV9E6YCECIM,C,L,4,0,1,endTrial,68.0,373.0,0.24
7,5ef787b3ce2f7f58fcd0a4c2,,pilot0,1494-029e2297-bd3f-4cfe-be00-d06d36724e4e,1593280435766.0,3E47SOBEYUW78Q4UOK6BV9E6YCECIM,Pi,L,5,0,1,endTrial,31.0,404.0,0.24
8,5ef78819ce2f7f58fcd0a518,,pilot0,1494-029e2297-bd3f-4cfe-be00-d06d36724e4e,1593280537877.0,3E47SOBEYUW78Q4UOK6BV9E6YCECIM,L,C,6,0,2,endTrial,100.0,504.0,0.34
9,5ef78867ce2f7f58fcd0a556,,pilot0,1494-029e2297-bd3f-4cfe-be00-d06d36724e4e,1593280615495.0,3E47SOBEYUW78Q4UOK6BV9E6YCECIM,L,Pi,7,0,2,endTrial,100.0,604.0,0.43
10,5ef788b1ce2f7f58fcd0a58b,,pilot0,1494-029e2297-bd3f-4cfe-be00-d06d36724e4e,1593280689573.0,3E47SOBEYUW78Q4UOK6BV9E6YCECIM,C,Pi,8,0,2,endTrial,100.0,704.0,0.53
11,5ef788e9ce2f7f58fcd0a5b8,,pilot0,1494-029e2297-bd3f-4cfe-be00-d06d36724e4e,1593280745959.0,3E47SOBEYUW78Q4UOK6BV9E6YCECIM,C,L,9,0,3,endTrial,100.0,804.0,0.63
12,5ef78928ce2f7f58fcd0a5e6,,pilot0,1494-029e2297-bd3f-4cfe-be00-d06d36724e4e,1593280808804.0,3E47SOBEYUW78Q4UOK6BV9E6YCECIM,Pi,C,10,0,3,endTrial,100.0,904.0,0.73
13,5ef7895cce2f7f58fcd0a60c,,pilot0,1494-029e2297-bd3f-4cfe-be00-d06d36724e4e,1593280860813.0,3E47SOBEYUW78Q4UOK6BV9E6YCECIM,Pi,L,11,0,3,endTrial,100.0,1004.0,0.83
0,5ef783ecce2f7f58fcd0a363,,pilot0,3224-ea79f879-98a3-43a8-8976-f941c8b8790d,1593279468265.0,3VHP9MDGRRKNYZ24NC0QSC1EIKMCFV,vertical,horizontal,practice,0,practice,endTrial,100.0,0.0,0.0
1,5ef78546ce2f7f58fcd0a3c0,,pilot0,3224-ea79f879-98a3-43a8-8976-f941c8b8790d,1593279814622.0,3VHP9MDGRRKNYZ24NC0QSC1EIKMCFV,C,Pi,0,0,0,endTrial,93.0,93.0,0.06
2,5ef78607ce2f7f58fcd0a3f1,,pilot0,3224-ea79f879-98a3-43a8-8976-f941c8b8790d,1593280007856.0,3VHP9MDGRRKNYZ24NC0QSC1EIKMCFV,L,Pi,1,0,0,endTrial,100.0,193.0,0.16
3,5ef7869bce2f7f58fcd0a42b,,pilot0,3224-ea79f879-98a3-43a8-8976-f941c8b8790d,1593280155026.0,3VHP9MDGRRKNYZ24NC0QSC1EIKMCFV,L,C,2,0,0,endTrial,100.0,293.0,0.26
4,5ef786ebce2f7f58fcd0a456,,pilot0,3224-ea79f879-98a3-43a8-8976-f941c8b8790d,1593280235301.0,3VHP9MDGRRKNYZ24NC0QSC1EIKMCFV,C,L,3,0,1,endTrial,100.0,393.0,0.36
5,5ef7873fce2f7f58fcd0a484,,pilot0,3224-ea79f879-98a3-43a8-8976-f941c8b8790d,1593280319186.0,3VHP9MDGRRKNYZ24NC0QSC1EIKMCFV,Pi,L,4,0,1,endTrial,100.0,493.0,0.46
6,5ef7877cce2f7f58fcd0a4a2,,pilot0,3224-ea79f879-98a3-43a8-8976-f941c8b8790d,1593280380876.0,3VHP9MDGRRKNYZ24NC0QSC1EIKMCFV,Pi,C,5,0,1,endTrial,100.0,593.0,0.55
7,5ef787b0ce2f7f58fcd0a4c0,,pilot0,3224-ea79f879-98a3-43a8-8976-f941c8b8790d,1593280432722.0,3VHP9MDGRRKNYZ24NC0QSC1EIKMCFV,C,Pi,6,0,2,endTrial,100.0,693.0,0.65
8,5ef787e6ce2f7f58fcd0a4ef,,pilot0,3224-ea79f879-98a3-43a8-8976-f941c8b8790d,1593280486038.0,3VHP9MDGRRKNYZ24NC0QSC1EIKMCFV,L,C,7,0,2,endTrial,100.0,793.0,0.75
9,5ef7880cce2f7f58fcd0a510,,pilot0,3224-ea79f879-98a3-43a8-8976-f941c8b8790d,1593280524601.0,3VHP9MDGRRKNYZ24NC0QSC1EIKMCFV,L,Pi,8,0,2,endTrial,100.0,893.0,0.85
10,5ef78835ce2f7f58fcd0a52c,,pilot0,3224-ea79f879-98a3-43a8-8976-f941c8b8790d,1593280565100.0,3VHP9MDGRRKNYZ24NC0QSC1EIKMCFV,Pi,C,9,0,3,endTrial,100.0,993.0,0.95
11,5ef7885cce2f7f58fcd0a54e,,pilot0,3224-ea79f879-98a3-43a8-8976-f941c8b8790d,1593280604867.0,3VHP9MDGRRKNYZ24NC0QSC1EIKMCFV,Pi,L,10,0,3,endTrial,100.0,1093.0,1.05
12,5ef7888cce2f7f58fcd0a574,,pilot0,3224-ea79f879-98a3-43a8-8976-f941c8b8790d,1593280652652.0,3VHP9MDGRRKNYZ24NC0QSC1EIKMCFV,C,L,11,0,3,endTrial,100.0,1193.0,1.15
0,5ef78436ce2f7f58fcd0a374,,pilot0,2461-b9a83dc7-d6fc-4939-a889-9d4739a87dc6,1593279542898.0,338JKRMM2AZJJGWCYOSZP2N3YWEHAW,horizontal,vertical,practice,0,practice,endTrial,25.0,0.0,0.0
1,5ef78468ce2f7f58fcd0a381,,pilot0,2461-b9a83dc7-d6fc-4939-a889-9d4739a87dc6,1593279592011.0,338JKRMM2AZJJGWCYOSZP2N3YWEHAW,horizontal,vertical,practice,0,practice,endTrial,75.0,0.0,0.0
2,5ef7849cce2f7f58fcd0a38e,,pilot0,2461-b9a83dc7-d6fc-4939-a889-9d4739a87dc6,1593279644074.0,338JKRMM2AZJJGWCYOSZP2N3YWEHAW,horizontal,vertical,practice,0,practice,endTrial,100.0,0.0,0.0
3,5ef7857cce2f7f58fcd0a3cb,,pilot0,2461-b9a83dc7-d6fc-4939-a889-9d4739a87dc6,1593279868166.0,338JKRMM2AZJJGWCYOSZP2N3YWEHAW,L,C,0,0,0,endTrial,81.0,81.0,0.06
4,5ef7867dce2f7f58fcd0a41c,,pilot0,2461-b9a83dc7-d6fc-4939-a889-9d4739a87dc6,1593280125007.0,338JKRMM2AZJJGWCYOSZP2N3YWEHAW,C,Pi,1,0,0,endTrial,81.0,162.0,0.12
5,5ef78716ce2f7f58fcd0a46d,,pilot0,2461-b9a83dc7-d6fc-4939-a889-9d4739a87dc6,1593280278995.0,338JKRMM2AZJJGWCYOSZP2N3YWEHAW,L,Pi,2,0,0,endTrial,68.0,230.0,0.13
6,5ef787dece2f7f58fcd0a4e8,,pilot0,2461-b9a83dc7-d6fc-4939-a889-9d4739a87dc6,1593280478331.0,338JKRMM2AZJJGWCYOSZP2N3YWEHAW,Pi,L,3,0,1,endTrial,50.0,280.0,0.13
7,5ef788d7ce2f7f58fcd0a5ad,,pilot0,2461-b9a83dc7-d6fc-4939-a889-9d4739a87dc6,1593280727622.0,338JKRMM2AZJJGWCYOSZP2N3YWEHAW,Pi,C,4,0,1,endTrial,37.0,317.0,0.13
8,5ef789a3ce2f7f58fcd0a63b,,pilot0,2461-b9a83dc7-d6fc-4939-a889-9d4739a87dc6,1593280931660.0,338JKRMM2AZJJGWCYOSZP2N3YWEHAW,C,L,5,0,1,endTrial,62.0,379.0,0.15
9,5ef789e6ce2f7f58fcd0a663,,pilot0,2461-b9a83dc7-d6fc-4939-a889-9d4739a87dc6,1593280998250.0,338JKRMM2AZJJGWCYOSZP2N3YWEHAW,L,Pi,6,0,2,endTrial,43.0,422.0,0.15
10,5ef789ffce2f7f58fcd0a67c,,pilot0,2461-b9a83dc7-d6fc-4939-a889-9d4739a87dc6,1593281023771.0,338JKRMM2AZJJGWCYOSZP2N3YWEHAW,C,Pi,7,0,2,endTrial,31.0,453.0,0.15
11,5ef78a16ce2f7f58fcd0a693,,pilot0,2461-b9a83dc7-d6fc-4939-a889-9d4739a87dc6,1593281046482.0,338JKRMM2AZJJGWCYOSZP2N3YWEHAW,L,C,8,0,2,endTrial,31.0,484.0,0.15
12,5ef78a2fce2f7f58fcd0a6ab,,pilot0,2461-b9a83dc7-d6fc-4939-a889-9d4739a87dc6,1593281071952.0,338JKRMM2AZJJGWCYOSZP2N3YWEHAW,C,L,9,0,3,endTrial,12.0,496.0,0.15
13,5ef78a4ece2f7f58fcd0a6be,,pilot0,2461-b9a83dc7-d6fc-4939-a889-9d4739a87dc6,1593281102169.0,338JKRMM2AZJJGWCYOSZP2N3YWEHAW,Pi,C,10,0,3,endTrial,25.0,521.0,0.15
14,5ef78a61ce2f7f58fcd0a6d0,,pilot0,2461-b9a83dc7-d6fc-4939-a889-9d4739a87dc6,1593281121307.0,338JKRMM2AZJJGWCYOSZP2N3YWEHAW,Pi,L,11,0,3,endTrial,43.0,564.0,0.15
0,5ef78661ce2f7f58fcd0a40f,,pilot0,3878-afb0aafe-768b-485b-9e69-251a58fcf3ff,1593280097113.0,3EICBYG648W331O062RB7AT6BR3CJY,horizontal,vertical,practice,0,practice,endTrial,50.0,0.0,0.0
1,5ef786ebce2f7f58fcd0a455,,pilot0,3878-afb0aafe-768b-485b-9e69-251a58fcf3ff,1593280235147.0,3EICBYG648W331O062RB7AT6BR3CJY,horizontal,vertical,practice,0,practice,endTrial,25.0,0.0,0.0
2,5ef7875dce2f7f58fcd0a48d,,pilot0,3878-afb0aafe-768b-485b-9e69-251a58fcf3ff,1593280349895.0,3EICBYG648W331O062RB7AT6BR3CJY,horizontal,vertical,practice,0,practice,endTrial,100.0,0.0,0.0
3,5ef788afce2f7f58fcd0a589,,pilot0,3878-afb0aafe-768b-485b-9e69-251a58fcf3ff,1593280687504.0,3EICBYG648W331O062RB7AT6BR3CJY,C,Pi,0,0,0,endTrial,100.0,100.0,0.1
4,5ef7899dce2f7f58fcd0a636,,pilot0,3878-afb0aafe-768b-485b-9e69-251a58fcf3ff,1593280925741.0,3EICBYG648W331O062RB7AT6BR3CJY,L,C,1,0,0,endTrial,100.0,200.0,0.2
5,5ef78ae8ce2f7f58fcd0a71d,,pilot0,3878-afb0aafe-768b-485b-9e69-251a58fcf3ff,1593281256958.0,3EICBYG648W331O062RB7AT6BR3CJY,L,Pi,2,0,0,endTrial,93.0,293.0,0.26
6,5ef78bdece2f7f58fcd0a77c,,pilot0,3878-afb0aafe-768b-485b-9e69-251a58fcf3ff,1593281502385.0,3EICBYG648W331O062RB7AT6BR3CJY,Pi,L,3,0,1,endTrial,93.0,386.0,0.32
7,5ef78d1cce2f7f58fcd0a7d2,,pilot0,3878-afb0aafe-768b-485b-9e69-251a58fcf3ff,1593281820390.0,3EICBYG648W331O062RB7AT6BR3CJY,Pi,C,4,0,1,endTrial,87.0,473.0,0.38
8,5ef78d9fce2f7f58fcd0a7ef,,pilot0,3878-afb0aafe-768b-485b-9e69-251a58fcf3ff,1593281951661.0,3EICBYG648W331O062RB7AT6BR3CJY,C,L,5,0,1,endTrial,100.0,573.0,0.48
9,5ef78e2bce2f7f58fcd0a81a,,pilot0,3878-afb0aafe-768b-485b-9e69-251a58fcf3ff,1593282091957.0,3EICBYG648W331O062RB7AT6BR3CJY,L,Pi,6,0,2,endTrial,100.0,673.0,0.57
10,5ef78ebcce2f7f58fcd0a84b,,pilot0,3878-afb0aafe-768b-485b-9e69-251a58fcf3ff,1593282236690.0,3EICBYG648W331O062RB7AT6BR3CJY,L,C,7,0,2,endTrial,100.0,773.0,0.68
11,5ef78f28ce2f7f58fcd0a881,,pilot0,3878-afb0aafe-768b-485b-9e69-251a58fcf3ff,1593282344297.0,3EICBYG648W331O062RB7AT6BR3CJY,C,Pi,8,0,2,endTrial,100.0,873.0,0.77
12,5ef78f91ce2f7f58fcd0a8b9,,pilot0,3878-afb0aafe-768b-485b-9e69-251a58fcf3ff,1593282449491.0,3EICBYG648W331O062RB7AT6BR3CJY,Pi,C,9,0,3,endTrial,100.0,973.0,0.87
13,5ef79002ce2f7f58fcd0a8fc,,pilot0,3878-afb0aafe-768b-485b-9e69-251a58fcf3ff,1593282562340.0,3EICBYG648W331O062RB7AT6BR3CJY,Pi,L,10,0,3,endTrial,100.0,1073.0,0.97
14,5ef79061ce2f7f58fcd0a93a,,pilot0,3878-afb0aafe-768b-485b-9e69-251a58fcf3ff,1593282657586.0,3EICBYG648W331O062RB7AT6BR3CJY,C,L,11,0,3,endTrial,100.0,1173.0,1.07
0,5ef7863ece2f7f58fcd0a403,,pilot0,3300-92747c2e-ca2a-48cd-996a-54fde9f489be,1593280062636.0,3UXUOQ9OKIXMQRQ0LF6NYPY9KTIA7N,vertical,horizontal,practice,0,practice,endTrial,25.0,0.0,0.0
1,5ef78669ce2f7f58fcd0a412,,pilot0,3300-92747c2e-ca2a-48cd-996a-54fde9f489be,1593280105795.0,3UXUOQ9OKIXMQRQ0LF6NYPY9KTIA7N,vertical,horizontal,practice,0,practice,endTrial,100.0,0.0,0.0
2,5ef78720ce2f7f58fcd0a471,,pilot0,3300-92747c2e-ca2a-48cd-996a-54fde9f489be,1593280288533.0,3UXUOQ9OKIXMQRQ0LF6NYPY9KTIA7N,C,Pi,0,0,0,endTrial,100.0,100.0,0.1
3,5ef787b5ce2f7f58fcd0a4c8,,pilot0,3300-92747c2e-ca2a-48cd-996a-54fde9f489be,1593280437909.0,3UXUOQ9OKIXMQRQ0LF6NYPY9KTIA7N,L,Pi,1,0,0,endTrial,93.0,193.0,0.16
4,5ef78826ce2f7f58fcd0a523,,pilot0,3300-92747c2e-ca2a-48cd-996a-54fde9f489be,1593280550174.0,3UXUOQ9OKIXMQRQ0LF6NYPY9KTIA7N,L,C,2,0,0,endTrial,100.0,293.0,0.26
5,5ef7888cce2f7f58fcd0a575,,pilot0,3300-92747c2e-ca2a-48cd-996a-54fde9f489be,1593280652842.0,3UXUOQ9OKIXMQRQ0LF6NYPY9KTIA7N,Pi,C,3,0,1,endTrial,100.0,393.0,0.36
6,5ef788dcce2f7f58fcd0a5b2,,pilot0,3300-92747c2e-ca2a-48cd-996a-54fde9f489be,1593280732458.0,3UXUOQ9OKIXMQRQ0LF6NYPY9KTIA7N,Pi,L,4,0,1,endTrial,100.0,493.0,0.46
7,5ef7892ace2f7f58fcd0a5e7,,pilot0,3300-92747c2e-ca2a-48cd-996a-54fde9f489be,1593280810297.0,3UXUOQ9OKIXMQRQ0LF6NYPY9KTIA7N,C,L,5,0,1,endTrial,100.0,593.0,0.55
8,5ef7897cce2f7f58fcd0a61e,,pilot0,3300-92747c2e-ca2a-48cd-996a-54fde9f489be,1593280892398.0,3UXUOQ9OKIXMQRQ0LF6NYPY9KTIA7N,C,Pi,6,0,2,endTrial,100.0,693.0,0.65
9,5ef789c2ce2f7f58fcd0a648,,pilot0,3300-92747c2e-ca2a-48cd-996a-54fde9f489be,1593280962373.0,3UXUOQ9OKIXMQRQ0LF6NYPY9KTIA7N,L,Pi,7,0,2,endTrial,100.0,793.0,0.75
10,5ef789f7ce2f7f58fcd0a670,,pilot0,3300-92747c2e-ca2a-48cd-996a-54fde9f489be,1593281015381.0,3UXUOQ9OKIXMQRQ0LF6NYPY9KTIA7N,L,C,8,0,2,endTrial,100.0,893.0,0.85
11,5ef78a45ce2f7f58fcd0a6b4,,pilot0,3300-92747c2e-ca2a-48cd-996a-54fde9f489be,1593281093947.0,3UXUOQ9OKIXMQRQ0LF6NYPY9KTIA7N,Pi,L,9,0,3,endTrial,100.0,993.0,0.95
12,5ef78a80ce2f7f58fcd0a6de,,pilot0,3300-92747c2e-ca2a-48cd-996a-54fde9f489be,1593281152617.0,3UXUOQ9OKIXMQRQ0LF6NYPY9KTIA7N,C,L,10,0,3,endTrial,100.0,1093.0,1.05
13,5ef78ab9ce2f7f58fcd0a704,,pilot0,3300-92747c2e-ca2a-48cd-996a-54fde9f489be,1593281209841.0,3UXUOQ9OKIXMQRQ0LF6NYPY9KTIA7N,Pi,C,11,0,3,endTrial,100.0,1193.0,1.15
0,5ef786cece2f7f58fcd0a447,,pilot0,7109-2ef42705-61df-4552-a6ce-e9e6966dd760,1593280206940.0,30H4UDGLT6ICYY3PE4Q972KUE4DPMT,vertical,horizontal,practice,0,practice,endTrial,100.0,0.0,0.0
1,5ef78851ce2f7f58fcd0a544,,pilot0,7109-2ef42705-61df-4552-a6ce-e9e6966dd760,1593280593964.0,30H4UDGLT6ICYY3PE4Q972KUE4DPMT,C,Pi,0,0,0,endTrial,68.0,68.0,0.02
2,5ef78958ce2f7f58fcd0a608,,pilot0,7109-2ef42705-61df-4552-a6ce-e9e6966dd760,1593280856562.0,30H4UDGLT6ICYY3PE4Q972KUE4DPMT,L,C,1,0,0,endTrial,81.0,149.0,0.08
3,5ef78a05ce2f7f58fcd0a681,,pilot0,7109-2ef42705-61df-4552-a6ce-e9e6966dd760,1593281029534.0,30H4UDGLT6ICYY3PE4Q972KUE4DPMT,L,Pi,2,0,0,endTrial,100.0,249.0,0.18
4,5ef78a8ace2f7f58fcd0a6e6,,pilot0,7109-2ef42705-61df-4552-a6ce-e9e6966dd760,1593281162419.0,30H4UDGLT6ICYY3PE4Q972KUE4DPMT,C,L,3,0,1,endTrial,100.0,349.0,0.28
5,5ef78ac8ce2f7f58fcd0a70d,,pilot0,7109-2ef42705-61df-4552-a6ce-e9e6966dd760,1593281224898.0,30H4UDGLT6ICYY3PE4Q972KUE4DPMT,Pi,C,4,0,1,endTrial,100.0,449.0,0.38
6,5ef78afdce2f7f58fcd0a728,,pilot0,7109-2ef42705-61df-4552-a6ce-e9e6966dd760,1593281277384.0,30H4UDGLT6ICYY3PE4Q972KUE4DPMT,Pi,L,5,0,1,endTrial,100.0,549.0,0.48
7,5ef78b5cce2f7f58fcd0a744,,pilot0,7109-2ef42705-61df-4552-a6ce-e9e6966dd760,1593281372659.0,30H4UDGLT6ICYY3PE4Q972KUE4DPMT,L,Pi,6,0,2,endTrial,100.0,649.0,0.57
8,5ef78b8ace2f7f58fcd0a759,,pilot0,7109-2ef42705-61df-4552-a6ce-e9e6966dd760,1593281418315.0,30H4UDGLT6ICYY3PE4Q972KUE4DPMT,C,Pi,7,0,2,endTrial,100.0,749.0,0.68
9,5ef78bb5ce2f7f58fcd0a76a,,pilot0,7109-2ef42705-61df-4552-a6ce-e9e6966dd760,1593281461409.0,30H4UDGLT6ICYY3PE4Q972KUE4DPMT,L,C,8,0,2,endTrial,100.0,849.0,0.77
10,5ef78be2ce2f7f58fcd0a781,,pilot0,7109-2ef42705-61df-4552-a6ce-e9e6966dd760,1593281506939.0,30H4UDGLT6ICYY3PE4Q972KUE4DPMT,C,L,9,0,3,endTrial,100.0,949.0,0.87
11,5ef78c0ece2f7f58fcd0a795,,pilot0,7109-2ef42705-61df-4552-a6ce-e9e6966dd760,1593281550846.0,30H4UDGLT6ICYY3PE4Q972KUE4DPMT,Pi,C,10,0,3,endTrial,100.0,1049.0,0.97
12,5ef78c3cce2f7f58fcd0a7a4,,pilot0,7109-2ef42705-61df-4552-a6ce-e9e6966dd760,1593281596530.0,30H4UDGLT6ICYY3PE4Q972KUE4DPMT,Pi,L,11,0,3,endTrial,100.0,1149.0,1.07
0,5ef787ccce2f7f58fcd0a4d7,,pilot0,2391-2f396ec8-517f-4681-b366-51f930bcac22,1593280460355.0,32EYX73OY49GNJOD0YLK3713S84RUF,vertical,horizontal,practice,0,practice,endTrial,0.0,0.0,0.0
1,5ef78853ce2f7f58fcd0a546,,pilot0,2391-2f396ec8-517f-4681-b366-51f930bcac22,1593280595046.0,32EYX73OY49GNJOD0YLK3713S84RUF,vertical,horizontal,practice,0,practice,endTrial,100.0,0.0,0.0
2,5ef78973ce2f7f58fcd0a619,,pilot0,2391-2f396ec8-517f-4681-b366-51f930bcac22,1593280883138.0,32EYX73OY49GNJOD0YLK3713S84RUF,L,Pi,0,0,0,endTrial,68.0,68.0,0.02
3,5ef78ac9ce2f7f58fcd0a710,,pilot0,2391-2f396ec8-517f-4681-b366-51f930bcac22,1593281225273.0,32EYX73OY49GNJOD0YLK3713S84RUF,C,Pi,1,0,0,endTrial,68.0,136.0,0.04
4,5ef78bface2f7f58fcd0a789,,pilot0,2391-2f396ec8-517f-4681-b366-51f930bcac22,1593281530683.0,32EYX73OY49GNJOD0YLK3713S84RUF,L,C,2,0,0,endTrial,93.0,229.0,0.1
5,5ef78cfdce2f7f58fcd0a7cc,,pilot0,2391-2f396ec8-517f-4681-b366-51f930bcac22,1593281789562.0,32EYX73OY49GNJOD0YLK3713S84RUF,C,L,3,0,1,endTrial,100.0,329.0,0.2
6,5ef78e00ce2f7f58fcd0a810,,pilot0,2391-2f396ec8-517f-4681-b366-51f930bcac22,1593282048566.0,32EYX73OY49GNJOD0YLK3713S84RUF,Pi,C,4,0,1,endTrial,75.0,404.0,0.22
7,5ef78f19ce2f7f58fcd0a879,,pilot0,2391-2f396ec8-517f-4681-b366-51f930bcac22,1593282329083.0,32EYX73OY49GNJOD0YLK3713S84RUF,Pi,L,5,0,1,endTrial,87.0,491.0,0.28
8,5ef78fe5ce2f7f58fcd0a8eb,,pilot0,2391-2f396ec8-517f-4681-b366-51f930bcac22,1593282533984.0,32EYX73OY49GNJOD0YLK3713S84RUF,L,C,6,0,2,endTrial,100.0,591.0,0.38
9,5ef790cace2f7f58fcd0a962,,pilot0,2391-2f396ec8-517f-4681-b366-51f930bcac22,1593282762194.0,32EYX73OY49GNJOD0YLK3713S84RUF,L,Pi,7,0,2,endTrial,87.0,678.0,0.44
10,5ef79191ce2f7f58fcd0a988,,pilot0,2391-2f396ec8-517f-4681-b366-51f930bcac22,1593282961024.0,32EYX73OY49GNJOD0YLK3713S84RUF,C,Pi,8,0,2,endTrial,100.0,778.0,0.54
11,5ef79265ce2f7f58fcd0a999,,pilot0,2391-2f396ec8-517f-4681-b366-51f930bcac22,1593283173555.0,32EYX73OY49GNJOD0YLK3713S84RUF,Pi,C,9,0,3,endTrial,100.0,878.0,0.64
12,5ef792fcce2f7f58fcd0a9aa,,pilot0,2391-2f396ec8-517f-4681-b366-51f930bcac22,1593283324396.0,32EYX73OY49GNJOD0YLK3713S84RUF,Pi,L,10,0,3,endTrial,100.0,978.0,0.74
13,5ef79389ce2f7f58fcd0a9bb,,pilot0,2391-2f396ec8-517f-4681-b366-51f930bcac22,1593283465510.0,32EYX73OY49GNJOD0YLK3713S84RUF,C,L,11,0,3,endTrial,100.0,1078.0,0.84
0,5ef78da9ce2f7f58fcd0a7f4,,pilot0,9387-db1af5ad-b089-48ad-a730-baee40f08177,1593281961141.0,3R0T90IZ1WCTCZYZYW68AX1QJZMCGU,horizontal,vertical,practice,0,practice,endTrial,25.0,0.0,0.0
1,5ef78df4ce2f7f58fcd0a80c,,pilot0,9387-db1af5ad-b089-48ad-a730-baee40f08177,1593282036964.0,3R0T90IZ1WCTCZYZYW68AX1QJZMCGU,horizontal,vertical,practice,0,practice,endTrial,25.0,0.0,0.0
2,5ef78e34ce2f7f58fcd0a81e,,pilot0,9387-db1af5ad-b089-48ad-a730-baee40f08177,1593282100148.0,3R0T90IZ1WCTCZYZYW68AX1QJZMCGU,horizontal,vertical,practice,0,practice,endTrial,100.0,0.0,0.0
3,5ef78e97ce2f7f58fcd0a83d,,pilot0,9387-db1af5ad-b089-48ad-a730-baee40f08177,1593282199864.0,3R0T90IZ1WCTCZYZYW68AX1QJZMCGU,L,Pi,0,0,0,endTrial,68.0,68.0,0.02
4,5ef78ef6ce2f7f58fcd0a869,,pilot0,9387-db1af5ad-b089-48ad-a730-baee40f08177,1593282294879.0,3R0T90IZ1WCTCZYZYW68AX1QJZMCGU,L,C,1,0,0,endTrial,100.0,168.0,0.12
5,5ef78f59ce2f7f58fcd0a898,,pilot0,9387-db1af5ad-b089-48ad-a730-baee40f08177,1593282393098.0,3R0T90IZ1WCTCZYZYW68AX1QJZMCGU,C,Pi,2,0,0,endTrial,100.0,268.0,0.22
6,5ef78f85ce2f7f58fcd0a8b5,,pilot0,9387-db1af5ad-b089-48ad-a730-baee40f08177,1593282437790.0,3R0T90IZ1WCTCZYZYW68AX1QJZMCGU,C,L,3,0,1,endTrial,100.0,368.0,0.32
7,5ef78fd3ce2f7f58fcd0a8e0,,pilot0,9387-db1af5ad-b089-48ad-a730-baee40f08177,1593282515952.0,3R0T90IZ1WCTCZYZYW68AX1QJZMCGU,Pi,C,4,0,1,endTrial,87.0,455.0,0.38
8,5ef79004ce2f7f58fcd0a8fe,,pilot0,9387-db1af5ad-b089-48ad-a730-baee40f08177,1593282564184.0,3R0T90IZ1WCTCZYZYW68AX1QJZMCGU,Pi,L,5,0,1,endTrial,100.0,555.0,0.48
9,5ef7902fce2f7f58fcd0a91d,,pilot0,9387-db1af5ad-b089-48ad-a730-baee40f08177,1593282607764.0,3R0T90IZ1WCTCZYZYW68AX1QJZMCGU,C,Pi,6,0,2,endTrial,100.0,655.0,0.58
10,5ef79064ce2f7f58fcd0a93e,,pilot0,9387-db1af5ad-b089-48ad-a730-baee40f08177,1593282660765.0,3R0T90IZ1WCTCZYZYW68AX1QJZMCGU,L,C,7,0,2,endTrial,93.0,748.0,0.64
11,5ef79092ce2f7f58fcd0a94d,,pilot0,9387-db1af5ad-b089-48ad-a730-baee40f08177,1593282706722.0,3R0T90IZ1WCTCZYZYW68AX1QJZMCGU,L,Pi,8,0,2,endTrial,100.0,848.0,0.74
12,5ef790bfce2f7f58fcd0a95e,,pilot0,9387-db1af5ad-b089-48ad-a730-baee40f08177,1593282751007.0,3R0T90IZ1WCTCZYZYW68AX1QJZMCGU,Pi,C,9,0,3,endTrial,100.0,948.0,0.84
13,5ef790ecce2f7f58fcd0a96d,,pilot0,9387-db1af5ad-b089-48ad-a730-baee40f08177,1593282796537.0,3R0T90IZ1WCTCZYZYW68AX1QJZMCGU,C,L,10,0,3,endTrial,100.0,1048.0,0.94
14,5ef79119ce2f7f58fcd0a97b,,pilot0,9387-db1af5ad-b089-48ad-a730-baee40f08177,1593282841207.0,3R0T90IZ1WCTCZYZYW68AX1QJZMCGU,Pi,L,11,0,3,endTrial,100.0,1148.0,1.04
0,5ef9136fce2f7f58fcd0aa6c,,pilot2,6753-24a4a6e7-e017-4cba-a068-8dea7af05cf2,1593381743171.0,3ATTHHXXWEOVBOFPFG2Y9MZGZZTXIA,horizontal,vertical,practice,0,practice,endTrial,100.0,0.0,0.0
1,5ef914e1ce2f7f58fcd0aa7e,,pilot2,6753-24a4a6e7-e017-4cba-a068-8dea7af05cf2,1593382113251.0,3ATTHHXXWEOVBOFPFG2Y9MZGZZTXIA,L,Pi,0,0,0,endTrial,62.0,62.0,0.05
2,5ef91580ce2f7f58fcd0aa8b,,pilot2,6753-24a4a6e7-e017-4cba-a068-8dea7af05cf2,1593382272015.0,3ATTHHXXWEOVBOFPFG2Y9MZGZZTXIA,L,C,1,0,0,endTrial,100.0,162.0,0.25
3,5ef91649ce2f7f58fcd0aaa4,,pilot2,6753-24a4a6e7-e017-4cba-a068-8dea7af05cf2,1593382473583.0,3ATTHHXXWEOVBOFPFG2Y9MZGZZTXIA,C,Pi,2,0,0,endTrial,100.0,262.0,0.45
4,5ef9168fce2f7f58fcd0aab1,,pilot2,6753-24a4a6e7-e017-4cba-a068-8dea7af05cf2,1593382543771.0,3ATTHHXXWEOVBOFPFG2Y9MZGZZTXIA,Pi,L,3,0,1,endTrial,100.0,362.0,0.65
5,5ef916e2ce2f7f58fcd0aabd,,pilot2,6753-24a4a6e7-e017-4cba-a068-8dea7af05cf2,1593382626776.0,3ATTHHXXWEOVBOFPFG2Y9MZGZZTXIA,Pi,C,4,0,1,endTrial,100.0,462.0,0.85
6,5ef9172fce2f7f58fcd0aacb,,pilot2,6753-24a4a6e7-e017-4cba-a068-8dea7af05cf2,1593382703981.0,3ATTHHXXWEOVBOFPFG2Y9MZGZZTXIA,C,L,5,0,1,endTrial,100.0,562.0,1.05
7,5ef91781ce2f7f58fcd0aada,,pilot2,6753-24a4a6e7-e017-4cba-a068-8dea7af05cf2,1593382785271.0,3ATTHHXXWEOVBOFPFG2Y9MZGZZTXIA,C,Pi,6,0,2,endTrial,100.0,662.0,1.25
8,5ef917ccce2f7f58fcd0aae7,,pilot2,6753-24a4a6e7-e017-4cba-a068-8dea7af05cf2,1593382860048.0,3ATTHHXXWEOVBOFPFG2Y9MZGZZTXIA,L,C,7,0,2,endTrial,100.0,762.0,1.45
9,5ef9181cce2f7f58fcd0aaf7,,pilot2,6753-24a4a6e7-e017-4cba-a068-8dea7af05cf2,1593382940098.0,3ATTHHXXWEOVBOFPFG2Y9MZGZZTXIA,L,Pi,8,0,2,endTrial,100.0,862.0,1.65
10,5ef91872ce2f7f58fcd0ab06,,pilot2,6753-24a4a6e7-e017-4cba-a068-8dea7af05cf2,1593383026819.0,3ATTHHXXWEOVBOFPFG2Y9MZGZZTXIA,C,L,9,0,3,endTrial,100.0,962.0,1.85
11,5ef918dbce2f7f58fcd0ab16,,pilot2,6753-24a4a6e7-e017-4cba-a068-8dea7af05cf2,1593383131678.0,3ATTHHXXWEOVBOFPFG2Y9MZGZZTXIA,Pi,L,10,0,3,endTrial,100.0,1062.0,2.04
12,5ef91940ce2f7f58fcd0ab28,,pilot2,6753-24a4a6e7-e017-4cba-a068-8dea7af05cf2,1593383232456.0,3ATTHHXXWEOVBOFPFG2Y9MZGZZTXIA,Pi,C,11,0,3,endTrial,100.0,1162.0,2.25
0,5ef915bace2f7f58fcd0aa94,,pilot2,4282-2568ede7-963d-4fee-ab15-b69e472ef360,1593382330381.0,3EQHHY4HQWS8DEPKJMJ0WRVGRNS5GH,horizontal,vertical,practice,0,practice,endTrial,25.0,0.0,0.0
1,5ef91607ce2f7f58fcd0aa9b,,pilot2,4282-2568ede7-963d-4fee-ab15-b69e472ef360,1593382407212.0,3EQHHY4HQWS8DEPKJMJ0WRVGRNS5GH,horizontal,vertical,practice,0,practice,endTrial,100.0,0.0,0.0
2,5ef9171ece2f7f58fcd0aac8,,pilot2,4282-2568ede7-963d-4fee-ab15-b69e472ef360,1593382686620.0,3EQHHY4HQWS8DEPKJMJ0WRVGRNS5GH,L,C,0,0,0,endTrial,56.0,56.0,0.0
3,5ef917eece2f7f58fcd0aaeb,,pilot2,4282-2568ede7-963d-4fee-ab15-b69e472ef360,1593382894915.0,3EQHHY4HQWS8DEPKJMJ0WRVGRNS5GH,L,Pi,1,0,0,endTrial,87.0,143.0,0.1
4,5ef918bcce2f7f58fcd0ab14,,pilot2,4282-2568ede7-963d-4fee-ab15-b69e472ef360,1593383100166.0,3EQHHY4HQWS8DEPKJMJ0WRVGRNS5GH,C,Pi,2,0,0,endTrial,43.0,186.0,0.1
5,5ef91987ce2f7f58fcd0ab2f,,pilot2,4282-2568ede7-963d-4fee-ab15-b69e472ef360,1593383303695.0,3EQHHY4HQWS8DEPKJMJ0WRVGRNS5GH,C,L,3,0,1,endTrial,93.0,279.0,0.2
6,5ef91a60ce2f7f58fcd0ab3e,,pilot2,4282-2568ede7-963d-4fee-ab15-b69e472ef360,1593383520952.0,3EQHHY4HQWS8DEPKJMJ0WRVGRNS5GH,Pi,C,4,0,1,endTrial,81.0,360.0,0.3
7,5ef91b01ce2f7f58fcd0ab4a,,pilot2,4282-2568ede7-963d-4fee-ab15-b69e472ef360,1593383681417.0,3EQHHY4HQWS8DEPKJMJ0WRVGRNS5GH,Pi,L,5,0,1,endTrial,68.0,428.0,0.35
8,5ef91bb3ce2f7f58fcd0ab57,,pilot2,4282-2568ede7-963d-4fee-ab15-b69e472ef360,1593383859818.0,3EQHHY4HQWS8DEPKJMJ0WRVGRNS5GH,L,Pi,6,0,2,endTrial,75.0,503.0,0.4
9,5ef91c95ce2f7f58fcd0ab65,,pilot2,4282-2568ede7-963d-4fee-ab15-b69e472ef360,1593384085199.0,3EQHHY4HQWS8DEPKJMJ0WRVGRNS5GH,C,Pi,7,0,2,endTrial,62.0,565.0,0.45
10,5ef91d3cce2f7f58fcd0ab72,,pilot2,4282-2568ede7-963d-4fee-ab15-b69e472ef360,1593384252483.0,3EQHHY4HQWS8DEPKJMJ0WRVGRNS5GH,L,C,8,0,2,endTrial,81.0,646.0,0.55
11,5ef91e03ce2f7f58fcd0ab7f,,pilot2,4282-2568ede7-963d-4fee-ab15-b69e472ef360,1593384451307.0,3EQHHY4HQWS8DEPKJMJ0WRVGRNS5GH,Pi,C,9,0,3,endTrial,56.0,702.0,0.55
12,5ef91eb2ce2f7f58fcd0ab8c,,pilot2,4282-2568ede7-963d-4fee-ab15-b69e472ef360,1593384626640.0,3EQHHY4HQWS8DEPKJMJ0WRVGRNS5GH,Pi,L,10,0,3,endTrial,68.0,770.0,0.6
13,5ef91f3bce2f7f58fcd0ab98,,pilot2,4282-2568ede7-963d-4fee-ab15-b69e472ef360,1593384763067.0,3EQHHY4HQWS8DEPKJMJ0WRVGRNS5GH,C,L,11,0,3,endTrial,87.0,857.0,0.7
0,5ef96275ce2f7f58fcd0abba,,pilot2,5584-cb7536bf-73d0-4d3c-a0ec-2735882de660,1593401973649.0,3GU1KF0O4M1GF7ZSNF00TM902BXBPQ,vertical,horizontal,practice,0,practice,endTrial,50.0,0.0,0.0
1,5ef962b2ce2f7f58fcd0abbe,,pilot2,5584-cb7536bf-73d0-4d3c-a0ec-2735882de660,1593402034836.0,3GU1KF0O4M1GF7ZSNF00TM902BXBPQ,vertical,horizontal,practice,0,practice,endTrial,25.0,0.0,0.0
2,5ef962dcce2f7f58fcd0abc2,,pilot2,5584-cb7536bf-73d0-4d3c-a0ec-2735882de660,1593402076431.0,3GU1KF0O4M1GF7ZSNF00TM902BXBPQ,vertical,horizontal,practice,0,practice,endTrial,100.0,0.0,0.0
3,5ef9634bce2f7f58fcd0abcc,,pilot2,5584-cb7536bf-73d0-4d3c-a0ec-2735882de660,1593402187871.0,3GU1KF0O4M1GF7ZSNF00TM902BXBPQ,L,Pi,0,0,0,endTrial,37.0,37.0,0.0
4,5ef96396ce2f7f58fcd0abd6,,pilot2,5584-cb7536bf-73d0-4d3c-a0ec-2735882de660,1593402262420.0,3GU1KF0O4M1GF7ZSNF00TM902BXBPQ,L,C,1,0,0,endTrial,37.0,74.0,0.0
5,5ef963c8ce2f7f58fcd0abe0,,pilot2,5584-cb7536bf-73d0-4d3c-a0ec-2735882de660,1593402312504.0,3GU1KF0O4M1GF7ZSNF00TM902BXBPQ,C,Pi,2,0,0,endTrial,37.0,111.0,0.0
6,5ef9641dce2f7f58fcd0abea,,pilot2,5584-cb7536bf-73d0-4d3c-a0ec-2735882de660,1593402397574.0,3GU1KF0O4M1GF7ZSNF00TM902BXBPQ,Pi,L,3,0,1,endTrial,50.0,161.0,0.0
7,5ef96445ce2f7f58fcd0abf4,,pilot2,5584-cb7536bf-73d0-4d3c-a0ec-2735882de660,1593402437506.0,3GU1KF0O4M1GF7ZSNF00TM902BXBPQ,Pi,C,4,0,1,endTrial,12.0,173.0,0.0
8,5ef96485ce2f7f58fcd0abfe,,pilot2,5584-cb7536bf-73d0-4d3c-a0ec-2735882de660,1593402501272.0,3GU1KF0O4M1GF7ZSNF00TM902BXBPQ,C,L,5,0,1,endTrial,12.0,185.0,0.0
9,5ef964a1ce2f7f58fcd0ac08,,pilot2,5584-cb7536bf-73d0-4d3c-a0ec-2735882de660,1593402529665.0,3GU1KF0O4M1GF7ZSNF00TM902BXBPQ,C,Pi,6,0,2,endTrial,31.0,216.0,0.0
10,5ef964e2ce2f7f58fcd0ac12,,pilot2,5584-cb7536bf-73d0-4d3c-a0ec-2735882de660,1593402594965.0,3GU1KF0O4M1GF7ZSNF00TM902BXBPQ,L,Pi,7,0,2,endTrial,25.0,241.0,0.0
11,5ef96517ce2f7f58fcd0ac1e,,pilot2,5584-cb7536bf-73d0-4d3c-a0ec-2735882de660,1593402647875.0,3GU1KF0O4M1GF7ZSNF00TM902BXBPQ,L,C,8,0,2,endTrial,25.0,266.0,0.0
12,5ef96540ce2f7f58fcd0ac29,,pilot2,5584-cb7536bf-73d0-4d3c-a0ec-2735882de660,1593402688276.0,3GU1KF0O4M1GF7ZSNF00TM902BXBPQ,Pi,C,9,0,3,endTrial,31.0,297.0,0.0
13,5ef96568ce2f7f58fcd0ac35,,pilot2,5584-cb7536bf-73d0-4d3c-a0ec-2735882de660,1593402728171.0,3GU1KF0O4M1GF7ZSNF00TM902BXBPQ,Pi,L,10,0,3,endTrial,37.0,334.0,0.0
14,5ef96586ce2f7f58fcd0ac3f,,pilot2,5584-cb7536bf-73d0-4d3c-a0ec-2735882de660,1593402758210.0,3GU1KF0O4M1GF7ZSNF00TM902BXBPQ,C,L,11,0,3,endTrial,56.0,390.0,0.0
0,5ef9666cce2f7f58fcd0ac52,,pilot2,6691-dee56275-2f4b-44b8-a47c-d4d41c945670,1593402988825.0,3OXV7EAXLIQ326DATQML53K7JEL63F,horizontal,vertical,practice,0,practice,endTrial,25.0,0.0,0.0
1,5ef96685ce2f7f58fcd0ac58,,pilot2,6691-dee56275-2f4b-44b8-a47c-d4d41c945670,1593403013321.0,3OXV7EAXLIQ326DATQML53K7JEL63F,horizontal,vertical,practice,0,practice,endTrial,50.0,0.0,0.0
2,5ef966a4ce2f7f58fcd0ac5f,,pilot2,6691-dee56275-2f4b-44b8-a47c-d4d41c945670,1593403044269.0,3OXV7EAXLIQ326DATQML53K7JEL63F,horizontal,vertical,practice,0,practice,endTrial,25.0,0.0,0.0
3,5ef966c6ce2f7f58fcd0ac65,,pilot2,6691-dee56275-2f4b-44b8-a47c-d4d41c945670,1593403078125.0,3OXV7EAXLIQ326DATQML53K7JEL63F,horizontal,vertical,practice,0,practice,endTrial,0.0,0.0,0.0
4,5ef966e8ce2f7f58fcd0ac6d,,pilot2,6691-dee56275-2f4b-44b8-a47c-d4d41c945670,1593403112739.0,3OXV7EAXLIQ326DATQML53K7JEL63F,horizontal,vertical,practice,0,practice,endTrial,0.0,0.0,0.0
5,5ef96705ce2f7f58fcd0ac73,,pilot2,6691-dee56275-2f4b-44b8-a47c-d4d41c945670,1593403141324.0,3OXV7EAXLIQ326DATQML53K7JEL63F,horizontal,vertical,practice,0,practice,endTrial,50.0,0.0,0.0
6,5ef9673fce2f7f58fcd0ac7c,,pilot2,6691-dee56275-2f4b-44b8-a47c-d4d41c945670,1593403199121.0,3OXV7EAXLIQ326DATQML53K7JEL63F,horizontal,vertical,practice,0,practice,endTrial,100.0,0.0,0.0
7,5ef967d4ce2f7f58fcd0ac96,,pilot2,6691-dee56275-2f4b-44b8-a47c-d4d41c945670,1593403348349.0,3OXV7EAXLIQ326DATQML53K7JEL63F,C,Pi,0,0,0,endTrial,31.0,31.0,0.0
8,5ef9681bce2f7f58fcd0acaa,,pilot2,6691-dee56275-2f4b-44b8-a47c-d4d41c945670,1593403419792.0,3OXV7EAXLIQ326DATQML53K7JEL63F,L,Pi,1,0,0,endTrial,37.0,68.0,0.0
9,5ef96854ce2f7f58fcd0acb6,,pilot2,6691-dee56275-2f4b-44b8-a47c-d4d41c945670,1593403476180.0,3OXV7EAXLIQ326DATQML53K7JEL63F,L,C,2,0,0,endTrial,43.0,111.0,0.0
10,5ef96883ce2f7f58fcd0acc2,,pilot2,6691-dee56275-2f4b-44b8-a47c-d4d41c945670,1593403523551.0,3OXV7EAXLIQ326DATQML53K7JEL63F,Pi,L,3,0,1,endTrial,18.0,129.0,0.0
11,5ef968b6ce2f7f58fcd0acd7,,pilot2,6691-dee56275-2f4b-44b8-a47c-d4d41c945670,1593403574553.0,3OXV7EAXLIQ326DATQML53K7JEL63F,C,L,4,0,1,endTrial,43.0,172.0,0.0
12,5ef968ebce2f7f58fcd0ace9,,pilot2,6691-dee56275-2f4b-44b8-a47c-d4d41c945670,1593403627598.0,3OXV7EAXLIQ326DATQML53K7JEL63F,Pi,C,5,0,1,endTrial,31.0,203.0,0.0
13,5ef96912ce2f7f58fcd0acfa,,pilot2,6691-dee56275-2f4b-44b8-a47c-d4d41c945670,1593403666867.0,3OXV7EAXLIQ326DATQML53K7JEL63F,L,Pi,6,0,2,endTrial,12.0,215.0,0.0
14,5ef96937ce2f7f58fcd0ad0d,,pilot2,6691-dee56275-2f4b-44b8-a47c-d4d41c945670,1593403703134.0,3OXV7EAXLIQ326DATQML53K7JEL63F,L,C,7,0,2,endTrial,43.0,258.0,0.0
15,5ef9695ace2f7f58fcd0ad21,,pilot2,6691-dee56275-2f4b-44b8-a47c-d4d41c945670,1593403738215.0,3OXV7EAXLIQ326DATQML53K7JEL63F,C,Pi,8,0,2,endTrial,25.0,283.0,0.0
16,5ef96977ce2f7f58fcd0ad34,,pilot2,6691-dee56275-2f4b-44b8-a47c-d4d41c945670,1593403767329.0,3OXV7EAXLIQ326DATQML53K7JEL63F,Pi,C,9,0,3,endTrial,37.0,320.0,0.0
17,5ef9699cce2f7f58fcd0ad47,,pilot2,6691-dee56275-2f4b-44b8-a47c-d4d41c945670,1593403804883.0,3OXV7EAXLIQ326DATQML53K7JEL63F,Pi,L,10,0,3,endTrial,31.0,351.0,0.0
18,5ef969b9ce2f7f58fcd0ad56,,pilot2,6691-dee56275-2f4b-44b8-a47c-d4d41c945670,1593403833122.0,3OXV7EAXLIQ326DATQML53K7JEL63F,C,L,11,0,3,endTrial,31.0,382.0,0.0
0,5ef967b9ce2f7f58fcd0ac8e,,pilot2,8548-343a533f-0369-4b20-bbd4-a00f25359cea,1593403321101.0,3HMIGG0U4P6RMNTMBQC9FBCBYA68Y9,horizontal,vertical,practice,0,practice,endTrial,0.0,0.0,0.0
1,5ef968a9ce2f7f58fcd0acd1,,pilot2,8548-343a533f-0369-4b20-bbd4-a00f25359cea,1593403561340.0,3HMIGG0U4P6RMNTMBQC9FBCBYA68Y9,horizontal,vertical,practice,0,practice,endTrial,0.0,0.0,0.0
2,5ef96914ce2f7f58fcd0acfc,,pilot2,8548-343a533f-0369-4b20-bbd4-a00f25359cea,1593403668032.0,3HMIGG0U4P6RMNTMBQC9FBCBYA68Y9,horizontal,vertical,practice,0,practice,endTrial,0.0,0.0,0.0
3,5ef9693ece2f7f58fcd0ad10,,pilot2,8548-343a533f-0369-4b20-bbd4-a00f25359cea,1593403710892.0,3HMIGG0U4P6RMNTMBQC9FBCBYA68Y9,horizontal,vertical,practice,0,practice,endTrial,0.0,0.0,0.0
4,5ef96967ce2f7f58fcd0ad27,,pilot2,8548-343a533f-0369-4b20-bbd4-a00f25359cea,1593403751842.0,3HMIGG0U4P6RMNTMBQC9FBCBYA68Y9,horizontal,vertical,practice,0,practice,endTrial,0.0,0.0,0.0
5,5ef96990ce2f7f58fcd0ad3d,,pilot2,8548-343a533f-0369-4b20-bbd4-a00f25359cea,1593403792062.0,3HMIGG0U4P6RMNTMBQC9FBCBYA68Y9,horizontal,vertical,practice,0,practice,endTrial,0.0,0.0,0.0
6,5ef969afce2f7f58fcd0ad4e,,pilot2,8548-343a533f-0369-4b20-bbd4-a00f25359cea,1593403823173.0,3HMIGG0U4P6RMNTMBQC9FBCBYA68Y9,horizontal,vertical,practice,0,practice,endTrial,25.0,0.0,0.0
7,5ef969f3ce2f7f58fcd0ad62,,pilot2,8548-343a533f-0369-4b20-bbd4-a00f25359cea,1593403891697.0,3HMIGG0U4P6RMNTMBQC9FBCBYA68Y9,horizontal,vertical,practice,0,practice,endTrial,50.0,0.0,0.0
8,5ef96a24ce2f7f58fcd0ad6b,,pilot2,8548-343a533f-0369-4b20-bbd4-a00f25359cea,1593403940767.0,3HMIGG0U4P6RMNTMBQC9FBCBYA68Y9,horizontal,vertical,practice,0,practice,endTrial,25.0,0.0,0.0
9,5ef96b6ece2f7f58fcd0adac,,pilot2,8548-343a533f-0369-4b20-bbd4-a00f25359cea,1593404270760.0,3HMIGG0U4P6RMNTMBQC9FBCBYA68Y9,horizontal,vertical,practice,0,practice,endTrial,0.0,0.0,0.0
10,5ef96ba9ce2f7f58fcd0adb5,,pilot2,8548-343a533f-0369-4b20-bbd4-a00f25359cea,1593404329405.0,3HMIGG0U4P6RMNTMBQC9FBCBYA68Y9,horizontal,vertical,practice,0,practice,endTrial,0.0,0.0,0.0
11,5ef96bcfce2f7f58fcd0adbc,,pilot2,8548-343a533f-0369-4b20-bbd4-a00f25359cea,1593404367323.0,3HMIGG0U4P6RMNTMBQC9FBCBYA68Y9,horizontal,vertical,practice,0,practice,endTrial,50.0,0.0,0.0
12,5ef96bf8ce2f7f58fcd0adc2,,pilot2,8548-343a533f-0369-4b20-bbd4-a00f25359cea,1593404408536.0,3HMIGG0U4P6RMNTMBQC9FBCBYA68Y9,horizontal,vertical,practice,0,practice,endTrial,100.0,0.0,0.0
13,5ef96c76ce2f7f58fcd0add3,,pilot2,8548-343a533f-0369-4b20-bbd4-a00f25359cea,1593404534028.0,3HMIGG0U4P6RMNTMBQC9FBCBYA68Y9,L,Pi,0,0,0,endTrial,37.0,37.0,0.0
14,5ef96cb8ce2f7f58fcd0adec,,pilot2,8548-343a533f-0369-4b20-bbd4-a00f25359cea,1593404600629.0,3HMIGG0U4P6RMNTMBQC9FBCBYA68Y9,C,Pi,1,0,0,endTrial,25.0,62.0,0.0
15,5ef96cf7ce2f7f58fcd0ae00,,pilot2,8548-343a533f-0369-4b20-bbd4-a00f25359cea,1593404663929.0,3HMIGG0U4P6RMNTMBQC9FBCBYA68Y9,L,C,2,0,0,endTrial,12.0,74.0,0.0
16,5ef96d37ce2f7f58fcd0ae12,,pilot2,8548-343a533f-0369-4b20-bbd4-a00f25359cea,1593404727150.0,3HMIGG0U4P6RMNTMBQC9FBCBYA68Y9,C,L,3,0,1,endTrial,37.0,111.0,0.0
17,5ef96d74ce2f7f58fcd0ae25,,pilot2,8548-343a533f-0369-4b20-bbd4-a00f25359cea,1593404788612.0,3HMIGG0U4P6RMNTMBQC9FBCBYA68Y9,Pi,C,4,0,1,endTrial,12.0,123.0,0.0
18,5ef96d9ece2f7f58fcd0ae39,,pilot2,8548-343a533f-0369-4b20-bbd4-a00f25359cea,1593404830011.0,3HMIGG0U4P6RMNTMBQC9FBCBYA68Y9,Pi,L,5,0,1,endTrial,18.0,141.0,0.0
19,5ef96dc3ce2f7f58fcd0ae47,,pilot2,8548-343a533f-0369-4b20-bbd4-a00f25359cea,1593404867814.0,3HMIGG0U4P6RMNTMBQC9FBCBYA68Y9,C,Pi,6,0,2,endTrial,12.0,153.0,0.0
20,5ef96defce2f7f58fcd0ae5a,,pilot2,8548-343a533f-0369-4b20-bbd4-a00f25359cea,1593404911073.0,3HMIGG0U4P6RMNTMBQC9FBCBYA68Y9,L,C,7,0,2,endTrial,25.0,178.0,0.0
21,5ef96e11ce2f7f58fcd0ae6c,,pilot2,8548-343a533f-0369-4b20-bbd4-a00f25359cea,1593404945120.0,3HMIGG0U4P6RMNTMBQC9FBCBYA68Y9,L,Pi,8,0,2,endTrial,25.0,203.0,0.0
22,5ef96e37ce2f7f58fcd0ae79,,pilot2,8548-343a533f-0369-4b20-bbd4-a00f25359cea,1593404983363.0,3HMIGG0U4P6RMNTMBQC9FBCBYA68Y9,Pi,C,9,0,3,endTrial,18.0,221.0,0.0
23,5ef96e5ace2f7f58fcd0ae8c,,pilot2,8548-343a533f-0369-4b20-bbd4-a00f25359cea,1593405018933.0,3HMIGG0U4P6RMNTMBQC9FBCBYA68Y9,C,L,10,0,3,endTrial,31.0,252.0,0.0
24,5ef96e82ce2f7f58fcd0ae9b,,pilot2,8548-343a533f-0369-4b20-bbd4-a00f25359cea,1593405058042.0,3HMIGG0U4P6RMNTMBQC9FBCBYA68Y9,Pi,L,11,0,3,endTrial,12.0,264.0,0.0
0,5ef968a1ce2f7f58fcd0acc8,,pilot2,1959-2f467add-c0d9-49a6-b35c-c5a40cca728d,1593403553624.0,3ON104KXQOWMEHBKKM48D2BQLGJ4W8,horizontal,vertical,practice,0,practice,endTrial,25.0,0.0,0.0
1,5ef968c1ce2f7f58fcd0acdb,,pilot2,1959-2f467add-c0d9-49a6-b35c-c5a40cca728d,1593403585837.0,3ON104KXQOWMEHBKKM48D2BQLGJ4W8,horizontal,vertical,practice,0,practice,endTrial,50.0,0.0,0.0
2,5ef968e6ce2f7f58fcd0ace6,,pilot2,1959-2f467add-c0d9-49a6-b35c-c5a40cca728d,1593403622614.0,3ON104KXQOWMEHBKKM48D2BQLGJ4W8,horizontal,vertical,practice,0,practice,endTrial,0.0,0.0,0.0
3,5ef96911ce2f7f58fcd0acf8,,pilot2,1959-2f467add-c0d9-49a6-b35c-c5a40cca728d,1593403665621.0,3ON104KXQOWMEHBKKM48D2BQLGJ4W8,horizontal,vertical,practice,0,practice,endTrial,25.0,0.0,0.0
4,5ef96934ce2f7f58fcd0ad0b,,pilot2,1959-2f467add-c0d9-49a6-b35c-c5a40cca728d,1593403700362.0,3ON104KXQOWMEHBKKM48D2BQLGJ4W8,horizontal,vertical,practice,0,practice,endTrial,50.0,0.0,0.0
5,5ef96955ce2f7f58fcd0ad1d,,pilot2,1959-2f467add-c0d9-49a6-b35c-c5a40cca728d,1593403733547.0,3ON104KXQOWMEHBKKM48D2BQLGJ4W8,horizontal,vertical,practice,0,practice,endTrial,50.0,0.0,0.0
6,5ef96998ce2f7f58fcd0ad43,,pilot2,1959-2f467add-c0d9-49a6-b35c-c5a40cca728d,1593403800862.0,3ON104KXQOWMEHBKKM48D2BQLGJ4W8,horizontal,vertical,practice,0,practice,endTrial,50.0,0.0,0.0
7,5ef969dfce2f7f58fcd0ad5c,,pilot2,1959-2f467add-c0d9-49a6-b35c-c5a40cca728d,1593403871780.0,3ON104KXQOWMEHBKKM48D2BQLGJ4W8,horizontal,vertical,practice,0,practice,endTrial,0.0,0.0,0.0
8,5ef96a68ce2f7f58fcd0ad72,,pilot2,1959-2f467add-c0d9-49a6-b35c-c5a40cca728d,1593404008790.0,3ON104KXQOWMEHBKKM48D2BQLGJ4W8,horizontal,vertical,practice,0,practice,endTrial,0.0,0.0,0.0
9,5ef96a8ece2f7f58fcd0ad78,,pilot2,1959-2f467add-c0d9-49a6-b35c-c5a40cca728d,1593404046045.0,3ON104KXQOWMEHBKKM48D2BQLGJ4W8,horizontal,vertical,practice,0,practice,endTrial,25.0,0.0,0.0
10,5ef96aa0ce2f7f58fcd0ad7d,,pilot2,1959-2f467add-c0d9-49a6-b35c-c5a40cca728d,1593404064268.0,3ON104KXQOWMEHBKKM48D2BQLGJ4W8,horizontal,vertical,practice,0,practice,endTrial,25.0,0.0,0.0
11,5ef96abdce2f7f58fcd0ad85,,pilot2,1959-2f467add-c0d9-49a6-b35c-c5a40cca728d,1593404093242.0,3ON104KXQOWMEHBKKM48D2BQLGJ4W8,horizontal,vertical,practice,0,practice,endTrial,75.0,0.0,0.0
12,5ef96ae8ce2f7f58fcd0ad90,,pilot2,1959-2f467add-c0d9-49a6-b35c-c5a40cca728d,1593404136478.0,3ON104KXQOWMEHBKKM48D2BQLGJ4W8,horizontal,vertical,practice,0,practice,endTrial,50.0,0.0,0.0
13,5ef96b14ce2f7f58fcd0ad97,,pilot2,1959-2f467add-c0d9-49a6-b35c-c5a40cca728d,1593404180154.0,3ON104KXQOWMEHBKKM48D2BQLGJ4W8,horizontal,vertical,practice,0,practice,endTrial,50.0,0.0,0.0
14,5ef96b2dce2f7f58fcd0ad9e,,pilot2,1959-2f467add-c0d9-49a6-b35c-c5a40cca728d,1593404205585.0,3ON104KXQOWMEHBKKM48D2BQLGJ4W8,horizontal,vertical,practice,0,practice,endTrial,50.0,0.0,0.0
15,5ef96b4bce2f7f58fcd0ada7,,pilot2,1959-2f467add-c0d9-49a6-b35c-c5a40cca728d,1593404235257.0,3ON104KXQOWMEHBKKM48D2BQLGJ4W8,horizontal,vertical,practice,0,practice,endTrial,50.0,0.0,0.0
16,5ef96b81ce2f7f58fcd0adaf,,pilot2,1959-2f467add-c0d9-49a6-b35c-c5a40cca728d,1593404289577.0,3ON104KXQOWMEHBKKM48D2BQLGJ4W8,horizontal,vertical,practice,0,practice,endTrial,50.0,0.0,0.0
17,5ef96bbbce2f7f58fcd0adb8,,pilot2,1959-2f467add-c0d9-49a6-b35c-c5a40cca728d,1593404347025.0,3ON104KXQOWMEHBKKM48D2BQLGJ4W8,horizontal,vertical,practice,0,practice,endTrial,100.0,0.0,0.0
18,5ef96c81ce2f7f58fcd0add8,,pilot2,1959-2f467add-c0d9-49a6-b35c-c5a40cca728d,1593404545559.0,3ON104KXQOWMEHBKKM48D2BQLGJ4W8,L,C,0,0,0,endTrial,43.0,43.0,0.0
19,5ef96cb1ce2f7f58fcd0ade9,,pilot2,1959-2f467add-c0d9-49a6-b35c-c5a40cca728d,1593404593214.0,3ON104KXQOWMEHBKKM48D2BQLGJ4W8,L,Pi,1,0,0,endTrial,37.0,80.0,0.0
20,5ef96cf7ce2f7f58fcd0adfe,,pilot2,1959-2f467add-c0d9-49a6-b35c-c5a40cca728d,1593404663343.0,3ON104KXQOWMEHBKKM48D2BQLGJ4W8,C,Pi,2,0,0,endTrial,12.0,92.0,0.0
21,5ef96d3bce2f7f58fcd0ae14,,pilot2,1959-2f467add-c0d9-49a6-b35c-c5a40cca728d,1593404731762.0,3ON104KXQOWMEHBKKM48D2BQLGJ4W8,C,L,3,0,1,endTrial,18.0,110.0,0.0
22,5ef96d7ace2f7f58fcd0ae28,,pilot2,1959-2f467add-c0d9-49a6-b35c-c5a40cca728d,1593404794319.0,3ON104KXQOWMEHBKKM48D2BQLGJ4W8,Pi,L,4,0,1,endTrial,6.0,116.0,0.0
23,5ef96da2ce2f7f58fcd0ae3c,,pilot2,1959-2f467add-c0d9-49a6-b35c-c5a40cca728d,1593404834168.0,3ON104KXQOWMEHBKKM48D2BQLGJ4W8,Pi,C,5,0,1,endTrial,6.0,122.0,0.0
24,5ef96ddbce2f7f58fcd0ae52,,pilot2,1959-2f467add-c0d9-49a6-b35c-c5a40cca728d,1593404891535.0,3ON104KXQOWMEHBKKM48D2BQLGJ4W8,L,C,6,0,2,endTrial,18.0,140.0,0.0
25,5ef96e11ce2f7f58fcd0ae6e,,pilot2,1959-2f467add-c0d9-49a6-b35c-c5a40cca728d,1593404945687.0,3ON104KXQOWMEHBKKM48D2BQLGJ4W8,L,Pi,7,0,2,endTrial,31.0,171.0,0.0
26,5ef96e45ce2f7f58fcd0ae83,,pilot2,1959-2f467add-c0d9-49a6-b35c-c5a40cca728d,1593404997253.0,3ON104KXQOWMEHBKKM48D2BQLGJ4W8,C,Pi,8,0,2,endTrial,37.0,208.0,0.0
27,5ef96e89ce2f7f58fcd0aea0,,pilot2,1959-2f467add-c0d9-49a6-b35c-c5a40cca728d,1593405065328.0,3ON104KXQOWMEHBKKM48D2BQLGJ4W8,Pi,L,9,0,3,endTrial,37.0,245.0,0.0
28,5ef96eb1ce2f7f58fcd0aeaa,,pilot2,1959-2f467add-c0d9-49a6-b35c-c5a40cca728d,1593405105246.0,3ON104KXQOWMEHBKKM48D2BQLGJ4W8,C,L,10,0,3,endTrial,37.0,282.0,0.0
29,5ef96efbce2f7f58fcd0aeb5,,pilot2,1959-2f467add-c0d9-49a6-b35c-c5a40cca728d,1593405179814.0,3ON104KXQOWMEHBKKM48D2BQLGJ4W8,Pi,C,11,0,3,endTrial,31.0,313.0,0.0
0,5efa1339ce2f7f58fcd0aebd,,pilot2,3086-e9f8b532-4969-4703-852e-f6f029d281e2,1593447225454.0,32EYX73OY49GNJOD0YLK3713SIRRUM,horizontal,vertical,practice,0,practice,endTrial,25.0,0.0,0.0
1,5efa1391ce2f7f58fcd0aec2,,pilot2,3086-e9f8b532-4969-4703-852e-f6f029d281e2,1593447313168.0,32EYX73OY49GNJOD0YLK3713SIRRUM,horizontal,vertical,practice,0,practice,endTrial,100.0,0.0,0.0
2,5efa14bdce2f7f58fcd0aed3,,pilot2,3086-e9f8b532-4969-4703-852e-f6f029d281e2,1593447613957.0,32EYX73OY49GNJOD0YLK3713SIRRUM,C,Pi,0,0,0,endTrial,81.0,81.0,0.1
3,5efa15b7ce2f7f58fcd0aee4,,pilot2,3086-e9f8b532-4969-4703-852e-f6f029d281e2,1593447863338.0,32EYX73OY49GNJOD0YLK3713SIRRUM,L,Pi,1,0,0,endTrial,68.0,149.0,0.15
4,5efa1688ce2f7f58fcd0aef4,,pilot2,3086-e9f8b532-4969-4703-852e-f6f029d281e2,1593448072497.0,32EYX73OY49GNJOD0YLK3713SIRRUM,L,C,2,0,0,endTrial,75.0,224.0,0.2
5,5efa1733ce2f7f58fcd0af05,,pilot2,3086-e9f8b532-4969-4703-852e-f6f029d281e2,1593448243060.0,32EYX73OY49GNJOD0YLK3713SIRRUM,C,L,3,0,1,endTrial,100.0,324.0,0.4
6,5efa17e4ce2f7f58fcd0af15,,pilot2,3086-e9f8b532-4969-4703-852e-f6f029d281e2,1593448420349.0,32EYX73OY49GNJOD0YLK3713SIRRUM,Pi,C,4,0,1,endTrial,81.0,405.0,0.5
7,5efa18b7ce2f7f58fcd0af26,,pilot2,3086-e9f8b532-4969-4703-852e-f6f029d281e2,1593448631965.0,32EYX73OY49GNJOD0YLK3713SIRRUM,Pi,L,5,0,1,endTrial,100.0,505.0,0.7
8,5efa1978ce2f7f58fcd0af37,,pilot2,3086-e9f8b532-4969-4703-852e-f6f029d281e2,1593448824966.0,32EYX73OY49GNJOD0YLK3713SIRRUM,L,C,6,0,2,endTrial,100.0,605.0,0.89
9,5efa1a41ce2f7f58fcd0af47,,pilot2,3086-e9f8b532-4969-4703-852e-f6f029d281e2,1593449025838.0,32EYX73OY49GNJOD0YLK3713SIRRUM,L,Pi,7,0,2,endTrial,100.0,705.0,1.09
10,5efa1b0bce2f7f58fcd0af57,,pilot2,3086-e9f8b532-4969-4703-852e-f6f029d281e2,1593449227166.0,32EYX73OY49GNJOD0YLK3713SIRRUM,C,Pi,8,0,2,endTrial,75.0,780.0,1.14
11,5efa1bafce2f7f58fcd0af67,,pilot2,3086-e9f8b532-4969-4703-852e-f6f029d281e2,1593449391411.0,32EYX73OY49GNJOD0YLK3713SIRRUM,Pi,C,9,0,3,endTrial,100.0,880.0,1.35
12,5efa1c6bce2f7f58fcd0af76,,pilot2,3086-e9f8b532-4969-4703-852e-f6f029d281e2,1593449579557.0,32EYX73OY49GNJOD0YLK3713SIRRUM,Pi,L,10,0,3,endTrial,100.0,980.0,1.54
13,5efa1d5ace2f7f58fcd0af87,,pilot2,3086-e9f8b532-4969-4703-852e-f6f029d281e2,1593449818701.0,32EYX73OY49GNJOD0YLK3713SIRRUM,C,L,11,0,3,endTrial,87.0,1067.0,1.65
0,5efa2947ce2f7f58fcd0af90,,pilot2,2083-6615b44d-57a8-4953-beca-afa15df0c195,1593452871379.0,3RKNTXVS3QYP748HJH8GVDEZT1PA4K,vertical,horizontal,practice,0,practice,endTrial,100.0,0.0,0.0
1,5efa2a80ce2f7f58fcd0afa4,,pilot2,2083-6615b44d-57a8-4953-beca-afa15df0c195,1593453184837.0,3RKNTXVS3QYP748HJH8GVDEZT1PA4K,L,C,0,0,0,endTrial,87.0,87.0,0.1
2,5efa2b90ce2f7f58fcd0afbe,,pilot2,2083-6615b44d-57a8-4953-beca-afa15df0c195,1593453456855.0,3RKNTXVS3QYP748HJH8GVDEZT1PA4K,C,Pi,1,0,0,endTrial,100.0,187.0,0.3
3,5efa2c40ce2f7f58fcd0afd2,,pilot2,2083-6615b44d-57a8-4953-beca-afa15df0c195,1593453632260.0,3RKNTXVS3QYP748HJH8GVDEZT1PA4K,L,Pi,2,0,0,endTrial,93.0,280.0,0.4
4,5efa2cd7ce2f7f58fcd0afe4,,pilot2,2083-6615b44d-57a8-4953-beca-afa15df0c195,1593453783089.0,3RKNTXVS3QYP748HJH8GVDEZT1PA4K,Pi,C,3,0,1,endTrial,100.0,380.0,0.6
5,5efa2d78ce2f7f58fcd0affb,,pilot2,2083-6615b44d-57a8-4953-beca-afa15df0c195,1593453944591.0,3RKNTXVS3QYP748HJH8GVDEZT1PA4K,Pi,L,4,0,1,endTrial,100.0,480.0,0.8
6,5efa2e1dce2f7f58fcd0b020,,pilot2,2083-6615b44d-57a8-4953-beca-afa15df0c195,1593454109220.0,3RKNTXVS3QYP748HJH8GVDEZT1PA4K,C,L,5,0,1,endTrial,87.0,567.0,0.9
7,5efa2ea3ce2f7f58fcd0b03a,,pilot2,2083-6615b44d-57a8-4953-beca-afa15df0c195,1593454243403.0,3RKNTXVS3QYP748HJH8GVDEZT1PA4K,L,Pi,6,0,2,endTrial,100.0,667.0,1.1
8,5efa2f26ce2f7f58fcd0b054,,pilot2,2083-6615b44d-57a8-4953-beca-afa15df0c195,1593454374564.0,3RKNTXVS3QYP748HJH8GVDEZT1PA4K,L,C,7,0,2,endTrial,100.0,767.0,1.3
9,5efa2f79ce2f7f58fcd0b072,,pilot2,2083-6615b44d-57a8-4953-beca-afa15df0c195,1593454457707.0,3RKNTXVS3QYP748HJH8GVDEZT1PA4K,C,Pi,8,0,2,endTrial,31.0,798.0,1.3
10,5efa2fc4ce2f7f58fcd0b08a,,pilot2,2083-6615b44d-57a8-4953-beca-afa15df0c195,1593454532947.0,3RKNTXVS3QYP748HJH8GVDEZT1PA4K,Pi,C,9,0,3,endTrial,100.0,898.0,1.5
11,5efa3007ce2f7f58fcd0b09c,,pilot2,2083-6615b44d-57a8-4953-beca-afa15df0c195,1593454599277.0,3RKNTXVS3QYP748HJH8GVDEZT1PA4K,Pi,L,10,0,3,endTrial,100.0,998.0,1.7
12,5efa3067ce2f7f58fcd0b0b8,,pilot2,2083-6615b44d-57a8-4953-beca-afa15df0c195,1593454695333.0,3RKNTXVS3QYP748HJH8GVDEZT1PA4K,C,L,11,0,3,endTrial,68.0,1066.0,1.75
0,5efa2ca9ce2f7f58fcd0afdf,,pilot2,4909-705b801e-4ec3-4910-b180-bb7612d80f25,1593453737182.0,3LJ7UR74RLDWRN26SLDLHJYZS8ON4H,vertical,horizontal,practice,0,practice,endTrial,50.0,0.0,0.0
1,5efa2d0cce2f7f58fcd0afed,,pilot2,4909-705b801e-4ec3-4910-b180-bb7612d80f25,1593453836591.0,3LJ7UR74RLDWRN26SLDLHJYZS8ON4H,vertical,horizontal,practice,0,practice,endTrial,100.0,0.0,0.0
2,5efa2e08ce2f7f58fcd0b019,,pilot2,4909-705b801e-4ec3-4910-b180-bb7612d80f25,1593454088371.0,3LJ7UR74RLDWRN26SLDLHJYZS8ON4H,L,Pi,0,0,0,endTrial,100.0,100.0,0.2
3,5efa3014ce2f7f58fcd0b0a1,,pilot2,4909-705b801e-4ec3-4910-b180-bb7612d80f25,1593454612020.0,3LJ7UR74RLDWRN26SLDLHJYZS8ON4H,C,Pi,1,0,0,endTrial,93.0,193.0,0.3
4,5efa30b5ce2f7f58fcd0b0d0,,pilot2,4909-705b801e-4ec3-4910-b180-bb7612d80f25,1593454773081.0,3LJ7UR74RLDWRN26SLDLHJYZS8ON4H,L,C,2,0,0,endTrial,100.0,293.0,0.5
5,5efa315cce2f7f58fcd0b0ec,,pilot2,4909-705b801e-4ec3-4910-b180-bb7612d80f25,1593454940210.0,3LJ7UR74RLDWRN26SLDLHJYZS8ON4H,Pi,C,3,0,1,endTrial,100.0,393.0,0.7
6,5efa31dbce2f7f58fcd0b111,,pilot2,4909-705b801e-4ec3-4910-b180-bb7612d80f25,1593455067277.0,3LJ7UR74RLDWRN26SLDLHJYZS8ON4H,Pi,L,4,0,1,endTrial,100.0,493.0,0.89
7,5efa326cce2f7f58fcd0b139,,pilot2,4909-705b801e-4ec3-4910-b180-bb7612d80f25,1593455212130.0,3LJ7UR74RLDWRN26SLDLHJYZS8ON4H,C,L,5,0,1,endTrial,100.0,593.0,1.09
8,5efa32e8ce2f7f58fcd0b163,,pilot2,4909-705b801e-4ec3-4910-b180-bb7612d80f25,1593455336700.0,3LJ7UR74RLDWRN26SLDLHJYZS8ON4H,C,Pi,6,0,2,endTrial,100.0,693.0,1.29
9,5efa336ece2f7f58fcd0b191,,pilot2,4909-705b801e-4ec3-4910-b180-bb7612d80f25,1593455470782.0,3LJ7UR74RLDWRN26SLDLHJYZS8ON4H,L,Pi,7,0,2,endTrial,100.0,793.0,1.49
10,5efa33edce2f7f58fcd0b1c3,,pilot2,4909-705b801e-4ec3-4910-b180-bb7612d80f25,1593455597881.0,3LJ7UR74RLDWRN26SLDLHJYZS8ON4H,L,C,8,0,2,endTrial,100.0,893.0,1.69
11,5efa3465ce2f7f58fcd0b1ef,,pilot2,4909-705b801e-4ec3-4910-b180-bb7612d80f25,1593455717211.0,3LJ7UR74RLDWRN26SLDLHJYZS8ON4H,C,L,9,0,3,endTrial,100.0,993.0,1.89
12,5efa34dcce2f7f58fcd0b20c,,pilot2,4909-705b801e-4ec3-4910-b180-bb7612d80f25,1593455836779.0,3LJ7UR74RLDWRN26SLDLHJYZS8ON4H,Pi,L,10,0,3,endTrial,100.0,1093.0,2.09
13,5efa355cce2f7f58fcd0b22e,,pilot2,4909-705b801e-4ec3-4910-b180-bb7612d80f25,1593455964097.0,3LJ7UR74RLDWRN26SLDLHJYZS8ON4H,Pi,C,11,0,3,endTrial,100.0,1193.0,2.29
0,5efa2dc9ce2f7f58fcd0b00c,,pilot2,5895-de8412be-4cb1-49e4-9c61-ca6a11481af8,1593454025420.0,3Z9WI9EOZ3OPVT5YAF5OJGQZ3I5HKS,vertical,horizontal,practice,0,practice,endTrial,50.0,0.0,0.0
1,5efa2e1bce2f7f58fcd0b01e,,pilot2,5895-de8412be-4cb1-49e4-9c61-ca6a11481af8,1593454107571.0,3Z9WI9EOZ3OPVT5YAF5OJGQZ3I5HKS,vertical,horizontal,practice,0,practice,endTrial,75.0,0.0,0.0
2,5efa2e50ce2f7f58fcd0b02d,,pilot2,5895-de8412be-4cb1-49e4-9c61-ca6a11481af8,1593454160882.0,3Z9WI9EOZ3OPVT5YAF5OJGQZ3I5HKS,vertical,horizontal,practice,0,practice,endTrial,100.0,0.0,0.0
3,5efa2f56ce2f7f58fcd0b065,,pilot2,5895-de8412be-4cb1-49e4-9c61-ca6a11481af8,1593454422836.0,3Z9WI9EOZ3OPVT5YAF5OJGQZ3I5HKS,L,C,0,0,0,endTrial,75.0,75.0,0.05
4,5efa3095ce2f7f58fcd0b0c6,,pilot2,5895-de8412be-4cb1-49e4-9c61-ca6a11481af8,1593454741244.0,3Z9WI9EOZ3OPVT5YAF5OJGQZ3I5HKS,L,Pi,1,0,0,endTrial,50.0,125.0,0.05
5,5efa3164ce2f7f58fcd0b0f4,,pilot2,5895-de8412be-4cb1-49e4-9c61-ca6a11481af8,1593454948961.0,3Z9WI9EOZ3OPVT5YAF5OJGQZ3I5HKS,C,Pi,2,0,0,endTrial,81.0,206.0,0.15
6,5efa3203ce2f7f58fcd0b11d,,pilot2,5895-de8412be-4cb1-49e4-9c61-ca6a11481af8,1593455107696.0,3Z9WI9EOZ3OPVT5YAF5OJGQZ3I5HKS,Pi,C,3,0,1,endTrial,100.0,306.0,0.35
7,5efa32d6ce2f7f58fcd0b15a,,pilot2,5895-de8412be-4cb1-49e4-9c61-ca6a11481af8,1593455318676.0,3Z9WI9EOZ3OPVT5YAF5OJGQZ3I5HKS,Pi,L,4,0,1,endTrial,100.0,406.0,0.55
8,5efa3376ce2f7f58fcd0b196,,pilot2,5895-de8412be-4cb1-49e4-9c61-ca6a11481af8,1593455478623.0,3Z9WI9EOZ3OPVT5YAF5OJGQZ3I5HKS,C,L,5,0,1,endTrial,100.0,506.0,0.75
9,5efa33fbce2f7f58fcd0b1ce,,pilot2,5895-de8412be-4cb1-49e4-9c61-ca6a11481af8,1593455611958.0,3Z9WI9EOZ3OPVT5YAF5OJGQZ3I5HKS,C,Pi,6,0,2,endTrial,100.0,606.0,0.95
10,5efa3483ce2f7f58fcd0b1f8,,pilot2,5895-de8412be-4cb1-49e4-9c61-ca6a11481af8,1593455747351.0,3Z9WI9EOZ3OPVT5YAF5OJGQZ3I5HKS,L,Pi,7,0,2,endTrial,100.0,706.0,1.14
11,5efa34f3ce2f7f58fcd0b214,,pilot2,5895-de8412be-4cb1-49e4-9c61-ca6a11481af8,1593455859355.0,3Z9WI9EOZ3OPVT5YAF5OJGQZ3I5HKS,L,C,8,0,2,endTrial,100.0,806.0,1.35
12,5efa352ece2f7f58fcd0b226,,pilot2,5895-de8412be-4cb1-49e4-9c61-ca6a11481af8,1593455918746.0,3Z9WI9EOZ3OPVT5YAF5OJGQZ3I5HKS,Pi,L,9,0,3,endTrial,100.0,906.0,1.54
13,5efa3591ce2f7f58fcd0b238,,pilot2,5895-de8412be-4cb1-49e4-9c61-ca6a11481af8,1593456017614.0,3Z9WI9EOZ3OPVT5YAF5OJGQZ3I5HKS,C,L,10,0,3,endTrial,100.0,1006.0,1.74
14,5efa35ebce2f7f58fcd0b259,,pilot2,5895-de8412be-4cb1-49e4-9c61-ca6a11481af8,1593456107761.0,3Z9WI9EOZ3OPVT5YAF5OJGQZ3I5HKS,Pi,C,11,0,3,endTrial,100.0,1106.0,1.94
0,5efa2eb9ce2f7f58fcd0b03d,,pilot2,0662-7a9212c9-5aa7-44de-9ed7-4663c56562d2,1593454265942.0,3JC6VJ2SAFJ73NCHXMRQ05KDTXKA5P,vertical,horizontal,practice,0,practice,endTrial,100.0,0.0,0.0
1,5efa2fc4ce2f7f58fcd0b089,,pilot2,0662-7a9212c9-5aa7-44de-9ed7-4663c56562d2,1593454532765.0,3JC6VJ2SAFJ73NCHXMRQ05KDTXKA5P,L,Pi,0,0,0,endTrial,100.0,100.0,0.2
2,5efa3072ce2f7f58fcd0b0bd,,pilot2,0662-7a9212c9-5aa7-44de-9ed7-4663c56562d2,1593454706467.0,3JC6VJ2SAFJ73NCHXMRQ05KDTXKA5P,L,C,1,0,0,endTrial,100.0,200.0,0.4
3,5efa3163ce2f7f58fcd0b0f2,,pilot2,0662-7a9212c9-5aa7-44de-9ed7-4663c56562d2,1593454947913.0,3JC6VJ2SAFJ73NCHXMRQ05KDTXKA5P,C,Pi,2,0,0,endTrial,100.0,300.0,0.6
4,5efa31e4ce2f7f58fcd0b116,,pilot2,0662-7a9212c9-5aa7-44de-9ed7-4663c56562d2,1593455076625.0,3JC6VJ2SAFJ73NCHXMRQ05KDTXKA5P,Pi,L,3,0,1,endTrial,100.0,400.0,0.8
5,5efa3250ce2f7f58fcd0b132,,pilot2,0662-7a9212c9-5aa7-44de-9ed7-4663c56562d2,1593455184018.0,3JC6VJ2SAFJ73NCHXMRQ05KDTXKA5P,C,L,4,0,1,endTrial,100.0,500.0,1.0
6,5efa32ccce2f7f58fcd0b153,,pilot2,0662-7a9212c9-5aa7-44de-9ed7-4663c56562d2,1593455308826.0,3JC6VJ2SAFJ73NCHXMRQ05KDTXKA5P,Pi,C,5,0,1,endTrial,100.0,600.0,1.2
7,5efa3306ce2f7f58fcd0b16b,,pilot2,0662-7a9212c9-5aa7-44de-9ed7-4663c56562d2,1593455366226.0,3JC6VJ2SAFJ73NCHXMRQ05KDTXKA5P,L,C,6,0,2,endTrial,100.0,700.0,1.4
8,5efa3344ce2f7f58fcd0b183,,pilot2,0662-7a9212c9-5aa7-44de-9ed7-4663c56562d2,1593455428334.0,3JC6VJ2SAFJ73NCHXMRQ05KDTXKA5P,C,Pi,7,0,2,endTrial,100.0,800.0,1.6
9,5efa3381ce2f7f58fcd0b19c,,pilot2,0662-7a9212c9-5aa7-44de-9ed7-4663c56562d2,1593455489070.0,3JC6VJ2SAFJ73NCHXMRQ05KDTXKA5P,L,Pi,8,0,2,endTrial,100.0,900.0,1.79
10,5efa33b6ce2f7f58fcd0b1b4,,pilot2,0662-7a9212c9-5aa7-44de-9ed7-4663c56562d2,1593455542916.0,3JC6VJ2SAFJ73NCHXMRQ05KDTXKA5P,C,L,9,0,3,endTrial,100.0,1000.0,1.99
11,5efa33f9ce2f7f58fcd0b1cb,,pilot2,0662-7a9212c9-5aa7-44de-9ed7-4663c56562d2,1593455609712.0,3JC6VJ2SAFJ73NCHXMRQ05KDTXKA5P,Pi,C,10,0,3,endTrial,100.0,1100.0,2.19
12,5efa3434ce2f7f58fcd0b1e2,,pilot2,0662-7a9212c9-5aa7-44de-9ed7-4663c56562d2,1593455668494.0,3JC6VJ2SAFJ73NCHXMRQ05KDTXKA5P,Pi,L,11,0,3,endTrial,100.0,1200.0,2.4
0,5efa3c87ce2f7f58fcd0b28c,,pilot2,9940-419571e8-f021-4083-9210-892897d2b4df,1593457799036.0,3JBT3HLQFC2CX528TTG3F4G3TIVZP4,horizontal,vertical,practice,0,practice,endTrial,50.0,0.0,0.0
1,5efa3ccece2f7f58fcd0b290,,pilot2,9940-419571e8-f021-4083-9210-892897d2b4df,1593457870051.0,3JBT3HLQFC2CX528TTG3F4G3TIVZP4,horizontal,vertical,practice,0,practice,endTrial,25.0,0.0,0.0
2,5efa3d6dce2f7f58fcd0b294,,pilot2,9940-419571e8-f021-4083-9210-892897d2b4df,1593458029717.0,3JBT3HLQFC2CX528TTG3F4G3TIVZP4,horizontal,vertical,practice,0,practice,endTrial,50.0,0.0,0.0
3,5efa3ddcce2f7f58fcd0b298,,pilot2,9940-419571e8-f021-4083-9210-892897d2b4df,1593458140785.0,3JBT3HLQFC2CX528TTG3F4G3TIVZP4,horizontal,vertical,practice,0,practice,endTrial,50.0,0.0,0.0
4,5efa3e48ce2f7f58fcd0b29c,,pilot2,9940-419571e8-f021-4083-9210-892897d2b4df,1593458248243.0,3JBT3HLQFC2CX528TTG3F4G3TIVZP4,horizontal,vertical,practice,0,practice,endTrial,100.0,0.0,0.0
5,5efa4030ce2f7f58fcd0b2ac,,pilot2,9940-419571e8-f021-4083-9210-892897d2b4df,1593458736197.0,3JBT3HLQFC2CX528TTG3F4G3TIVZP4,L,C,0,0,0,endTrial,62.0,62.0,0.05
6,5efa41c5ce2f7f58fcd0b2be,,pilot2,9940-419571e8-f021-4083-9210-892897d2b4df,1593459141110.0,3JBT3HLQFC2CX528TTG3F4G3TIVZP4,L,Pi,1,0,0,endTrial,87.0,149.0,0.15
7,5efa4321ce2f7f58fcd0b2ce,,pilot2,9940-419571e8-f021-4083-9210-892897d2b4df,1593459489459.0,3JBT3HLQFC2CX528TTG3F4G3TIVZP4,C,Pi,2,0,0,endTrial,81.0,230.0,0.25
8,5efa4453ce2f7f58fcd0b2df,,pilot2,9940-419571e8-f021-4083-9210-892897d2b4df,1593459795656.0,3JBT3HLQFC2CX528TTG3F4G3TIVZP4,C,L,3,0,1,endTrial,100.0,330.0,0.45
9,5efa4579ce2f7f58fcd0b2f1,,pilot2,9940-419571e8-f021-4083-9210-892897d2b4df,1593460089664.0,3JBT3HLQFC2CX528TTG3F4G3TIVZP4,Pi,C,4,0,1,endTrial,75.0,405.0,0.5
10,5efa4627ce2f7f58fcd0b300,,pilot2,9940-419571e8-f021-4083-9210-892897d2b4df,1593460263112.0,3JBT3HLQFC2CX528TTG3F4G3TIVZP4,Pi,L,5,0,1,endTrial,93.0,498.0,0.6
11,5efa46bfce2f7f58fcd0b30d,,pilot2,9940-419571e8-f021-4083-9210-892897d2b4df,1593460415750.0,3JBT3HLQFC2CX528TTG3F4G3TIVZP4,C,Pi,6,0,2,endTrial,100.0,598.0,0.8
12,5efa46f2ce2f7f58fcd0b317,,pilot2,9940-419571e8-f021-4083-9210-892897d2b4df,1593460466982.0,3JBT3HLQFC2CX528TTG3F4G3TIVZP4,L,Pi,7,0,2,endTrial,43.0,641.0,0.8
13,5efa4718ce2f7f58fcd0b321,,pilot2,9940-419571e8-f021-4083-9210-892897d2b4df,1593460504365.0,3JBT3HLQFC2CX528TTG3F4G3TIVZP4,L,C,8,0,2,endTrial,31.0,672.0,0.8
14,5efa474ace2f7f58fcd0b32b,,pilot2,9940-419571e8-f021-4083-9210-892897d2b4df,1593460554819.0,3JBT3HLQFC2CX528TTG3F4G3TIVZP4,C,L,9,0,3,endTrial,37.0,709.0,0.8
15,5efa477ece2f7f58fcd0b335,,pilot2,9940-419571e8-f021-4083-9210-892897d2b4df,1593460606529.0,3JBT3HLQFC2CX528TTG3F4G3TIVZP4,Pi,C,10,0,3,endTrial,37.0,746.0,0.8
16,5efa47b3ce2f7f58fcd0b33f,,pilot2,9940-419571e8-f021-4083-9210-892897d2b4df,1593460659864.0,3JBT3HLQFC2CX528TTG3F4G3TIVZP4,Pi,L,11,0,3,endTrial,43.0,789.0,0.8
