Unnamed: 0,_id,iterationName,gameid,time,assignmentId,leftTarget,rightTarget,trialNum,turnNum,repNum,individualPracticeAttempts,quizAttempts,content,timeElapsedInTurn,timeElapsedInTrial,turnStartTime,trialStartTime,eventType,practice
0,5f61508baa4f2b137cbb876e,pilot_class_test,7576-795391a2-2c6a-4ba8-b03f-6eded7d951d1,1600213131766.0,undefined,vertical,horizontal,,0,practice,0,1,"Vertical on the third row left
",34084,34084,1600213110089,1600213110089,chatMessage,True
1,5f6150ccaa4f2b137cbb8772,pilot_class_test,7576-795391a2-2c6a-4ba8-b03f-6eded7d951d1,1600213196819.0,undefined,vertical,horizontal,,2,practice,0,1,horizontal block on the right between the red line,31519,99137,1600213177707,1600213110089,chatMessage,True
2,5f6150feaa4f2b137cbb8775,pilot_class_test,7576-795391a2-2c6a-4ba8-b03f-6eded7d951d1,1600213246863.0,undefined,L,C,0.0,0,0,0,1,Horizantal block between red lines on the left ,40547,40547,1600213218722,1600213218722,chatMessage,False
3,5f615144aa4f2b137cbb8783,pilot_class_test,7576-795391a2-2c6a-4ba8-b03f-6eded7d951d1,1600213316374.0,undefined,L,C,0.0,2,0,0,1,"horizantal on red line on right 
2 vertical blocks on top left",65129,110059,1600213263652,1600213218722,chatMessage,False
4,5f615195aa4f2b137cbb87a3,pilot_class_test,7576-795391a2-2c6a-4ba8-b03f-6eded7d951d1,1600213397292.0,undefined,L,C,0.0,4,0,0,1,On the right horizontal block place two vertical blocks on the left and add one horizontal block,57611,190966,1600213352077,1600213218722,chatMessage,False
5,5f6151e8aa4f2b137cbb87c1,pilot_class_test,7576-795391a2-2c6a-4ba8-b03f-6eded7d951d1,1600213480303.0,undefined,L,C,0.0,6,0,0,1,"on the left add a horizontal piece at the bottom messed up the instructions on that one :(
 ",56414,273985,1600213436293,1600213218722,chatMessage,False
6,5f615240aa4f2b137cbb87e1,pilot_class_test,7576-795391a2-2c6a-4ba8-b03f-6eded7d951d1,1600213568593.0,undefined,L,C,0.0,8,0,0,1,left column add a horizontal piece at the bottom on the right ,46817,362274,1600213534179,1600213218722,chatMessage,False
7,5f615282aa4f2b137cbb880a,pilot_class_test,7576-795391a2-2c6a-4ba8-b03f-6eded7d951d1,1600213634646.0,undefined,L,Pi,1.0,0,0,0,1,Starting on the left side add two horizontal pieces on each side of the red line ,44317,44317,1600213602728,1600213602728,chatMessage,False
8,5f6152e5aa4f2b137cbb882e,pilot_class_test,7576-795391a2-2c6a-4ba8-b03f-6eded7d951d1,1600213733533.0,undefined,L,Pi,1.0,2,0,0,1,add two vertical blocks to the second row ,82866,143205,1600213663067,1600213602728,chatMessage,False
9,5f615349aa4f2b137cbb8867,pilot_class_test,7576-795391a2-2c6a-4ba8-b03f-6eded7d951d1,1600213833768.0,undefined,L,Pi,1.0,4,0,0,1,new structure on the right add a vertical piece 2 spaces away from the red line each side ,84009,243425,1600213762144,1600213602728,chatMessage,False
10,5f615379aa4f2b137cbb8888,pilot_class_test,7576-795391a2-2c6a-4ba8-b03f-6eded7d951d1,1600213881119.0,undefined,L,Pi,1.0,6,0,0,1,connect at top with horizontal pieces,27543,290790,1600213865975,1600213602728,chatMessage,False
11,5f6153aaaa4f2b137cbb88b6,pilot_class_test,7576-795391a2-2c6a-4ba8-b03f-6eded7d951d1,1600213930047.0,undefined,C,Pi,2.0,0,0,0,1,on the left one horizontal piece between red lines ,25494,25494,1600213916949,1600213916949,chatMessage,False
12,5f6153d8aa4f2b137cbb88dc,pilot_class_test,7576-795391a2-2c6a-4ba8-b03f-6eded7d951d1,1600213976428.0,undefined,C,Pi,2.0,2,0,0,1,2 vertical pieces on top left ,38790,71879,1600213950038,1600213916949,chatMessage,False
13,5f6153faaa4f2b137cbb88f2,pilot_class_test,7576-795391a2-2c6a-4ba8-b03f-6eded7d951d1,1600214010775.0,undefined,C,Pi,2.0,4,0,0,1,horizontal piece on top of vertical pieces like the bottom,26474,106225,1600213996700,1600213916949,chatMessage,False
14,5f61543caa4f2b137cbb8928,pilot_class_test,7576-795391a2-2c6a-4ba8-b03f-6eded7d951d1,1600214076828.0,undefined,C,Pi,2.0,6,0,0,1,on the right vertical piece one space away from red line on each side like last round,59576,172278,1600214029651,1600213916949,chatMessage,False
15,5f615456aa4f2b137cbb8944,pilot_class_test,7576-795391a2-2c6a-4ba8-b03f-6eded7d951d1,1600214102485.0,undefined,C,Pi,2.0,8,0,0,1,then connect with horizontal pieces,10761,197933,1600214104121,1600213916949,chatMessage,False
16,5f615478aa4f2b137cbb8960,pilot_class_test,7576-795391a2-2c6a-4ba8-b03f-6eded7d951d1,1600214136817.0,undefined,C,L,3.0,0,1,0,1,on left side one horizontal piece between red line,22531,22531,1600214126685,1600214126685,chatMessage,False
17,5f6154a0aa4f2b137cbb897b,pilot_class_test,7576-795391a2-2c6a-4ba8-b03f-6eded7d951d1,1600214176581.0,undefined,C,L,3.0,2,1,0,1,2 vertical pieces on top left like last round ,34654,62296,1600214154327,1600214126685,chatMessage,False
18,5f6154b8aa4f2b137cbb8990,pilot_class_test,7576-795391a2-2c6a-4ba8-b03f-6eded7d951d1,1600214200719.0,undefined,C,L,3.0,4,1,0,1,Horizontal piece on the top like the bottom,14060,86434,1600214199059,1600214126685,chatMessage,False
19,5f6154dcaa4f2b137cbb89aa,pilot_class_test,7576-795391a2-2c6a-4ba8-b03f-6eded7d951d1,1600214236594.0,undefined,C,L,3.0,6,1,0,1,For the right Horizontal piece on each side of the red line ,29278,122308,1600214219715,1600214126685,chatMessage,False
20,5f6154fbaa4f2b137cbb89d1,pilot_class_test,7576-795391a2-2c6a-4ba8-b03f-6eded7d951d1,1600214267311.0,undefined,C,L,3.0,8,1,0,1,2 vertical lines at the end on the left ,21296,153025,1600214258414,1600214126685,chatMessage,False
21,5f615540aa4f2b137cbb8a10,pilot_class_test,7576-795391a2-2c6a-4ba8-b03f-6eded7d951d1,1600214336225.0,undefined,Pi,L,4.0,0,1,0,1,For the right is a vertical piece one spot away from the red line on each side,46594,46594,1600214302027,1600214302027,chatMessage,False
22,5f615588aa4f2b137cbb8a5a,pilot_class_test,7576-795391a2-2c6a-4ba8-b03f-6eded7d951d1,1600214408960.0,undefined,Pi,L,4.0,2,1,0,1,add a horizontal piece in between,60098,119329,1600214361258,1600214302027,chatMessage,False
23,5f6155a9aa4f2b137cbb8a7a,pilot_class_test,7576-795391a2-2c6a-4ba8-b03f-6eded7d951d1,1600214441340.0,undefined,Pi,L,4.0,4,1,0,1,add one more vertical piece on the left,27566,151661,1600214426122,1600214302027,chatMessage,False
24,5f6155ebaa4f2b137cbb8aa7,pilot_class_test,7576-795391a2-2c6a-4ba8-b03f-6eded7d951d1,1600214507591.0,undefined,Pi,L,4.0,6,1,0,1,For the left is a vertical piece one spot away on each side,50927,217954,1600214469054,1600214302027,chatMessage,False
25,5f61561aaa4f2b137cbb8ad6,pilot_class_test,7576-795391a2-2c6a-4ba8-b03f-6eded7d951d1,1600214554936.0,undefined,Pi,L,4.0,8,1,0,1,connect at the top with horizontal piece ,16118,265303,1600214551212,1600214302027,chatMessage,False
26,5f615640aa4f2b137cbb8aff,pilot_class_test,7576-795391a2-2c6a-4ba8-b03f-6eded7d951d1,1600214592270.0,undefined,Pi,C,5.0,0,1,0,1,The left is same as the last round ,20043,20043,1600214584620,1600214584620,chatMessage,False
27,5f615656aa4f2b137cbb8b0c,pilot_class_test,7576-795391a2-2c6a-4ba8-b03f-6eded7d951d1,1600214614419.0,undefined,Pi,C,5.0,2,1,0,1,connect at the top,14509,42193,1600214612304,1600214584620,chatMessage,False
28,5f61567baa4f2b137cbb8b27,pilot_class_test,7576-795391a2-2c6a-4ba8-b03f-6eded7d951d1,1600214651175.0,undefined,Pi,C,5.0,4,1,0,1,for the right is one horizontal piece in between red line,31166,78947,1600214632401,1600214584620,chatMessage,False
29,5f61568caa4f2b137cbb8b3a,pilot_class_test,7576-795391a2-2c6a-4ba8-b03f-6eded7d951d1,1600214668560.0,undefined,Pi,C,5.0,6,1,0,1,two vertical pieces on the left,11910,96334,1600214669044,1600214584620,chatMessage,False
30,5f6156a8aa4f2b137cbb8b5f,pilot_class_test,7576-795391a2-2c6a-4ba8-b03f-6eded7d951d1,1600214696414.0,undefined,Pi,C,5.0,8,1,0,1,a horizontal piece on top,21578,124181,1600214687223,1600214584620,chatMessage,False
31,5f6156cfaa4f2b137cbb8b8b,pilot_class_test,7576-795391a2-2c6a-4ba8-b03f-6eded7d951d1,1600214735072.0,undefined,L,Pi,6.0,0,2,0,1,left side is horizontal piece on each side of the red line,29752,29752,1600214717713,1600214717713,chatMessage,False
32,5f6156ecaa4f2b137cbb8baf,pilot_class_test,7576-795391a2-2c6a-4ba8-b03f-6eded7d951d1,1600214764193.0,undefined,L,Pi,6.0,2,2,0,1,at the end of the left add two vertical pieces on top,22488,58867,1600214754092,1600214717713,chatMessage,False
33,5f615718aa4f2b137cbb8be0,pilot_class_test,7576-795391a2-2c6a-4ba8-b03f-6eded7d951d1,1600214808335.0,undefined,L,Pi,6.0,4,2,0,1,on the right is a vertical piece on spot away from the red line on each side,29437,103014,1600214791290,1600214717713,chatMessage,False
34,5f61572faa4f2b137cbb8c0b,pilot_class_test,7576-795391a2-2c6a-4ba8-b03f-6eded7d951d1,1600214831895.0,undefined,L,Pi,6.0,6,2,0,1,connect at the top with horizontal pieces ,14559,126570,1600214829724,1600214717713,chatMessage,False
35,5f61574baa4f2b137cbb8c20,pilot_class_test,7576-795391a2-2c6a-4ba8-b03f-6eded7d951d1,1600214859001.0,undefined,C,Pi,7.0,0,2,0,1,the right side is the same like last round,16389,16389,1600214855002,1600214855002,chatMessage,False
36,5f61576eaa4f2b137cbb8c43,pilot_class_test,7576-795391a2-2c6a-4ba8-b03f-6eded7d951d1,1600214894372.0,undefined,C,Pi,7.0,2,2,0,1,one horizontal piece at the bottom in between red line ,23863,51761,1600214882900,1600214855002,chatMessage,False
37,5f61578faa4f2b137cbb8c74,pilot_class_test,7576-795391a2-2c6a-4ba8-b03f-6eded7d951d1,1600214927375.0,undefined,C,Pi,7.0,4,2,0,1,for the left side one horizontal piece between the red line ,19695,84761,1600214920068,1600214855002,chatMessage,False
38,5f6157aeaa4f2b137cbb8c97,pilot_class_test,7576-795391a2-2c6a-4ba8-b03f-6eded7d951d1,1600214958220.0,undefined,C,Pi,7.0,6,2,0,1,two vertical on top on the left ,27121,115606,1600214943487,1600214855002,chatMessage,False
39,5f6157caaa4f2b137cbb8cbf,pilot_class_test,7576-795391a2-2c6a-4ba8-b03f-6eded7d951d1,1600214986658.0,undefined,C,Pi,7.0,8,2,0,1,horizontal piece at the top like the bottom ,21436,144044,1600214977610,1600214855002,chatMessage,False
40,5f61580daa4f2b137cbb8d0a,pilot_class_test,7576-795391a2-2c6a-4ba8-b03f-6eded7d951d1,1600215053108.0,undefined,L,C,8.0,0,2,0,1,for the left horizontal piece on each side of the red line,57481,57481,1600215008014,1600215008014,chatMessage,False
41,5f61582baa4f2b137cbb8d2a,pilot_class_test,7576-795391a2-2c6a-4ba8-b03f-6eded7d951d1,1600215083469.0,undefined,L,C,8.0,2,2,0,1,two vertical piece on top left to make the letter L ,22990,87843,1600215072867,1600215008014,chatMessage,False
42,5f615856aa4f2b137cbb8d58,pilot_class_test,7576-795391a2-2c6a-4ba8-b03f-6eded7d951d1,1600215126179.0,undefined,L,C,8.0,4,2,0,1,for the right side one horizontal piece between red line,35902,130553,1600215102665,1600215008014,chatMessage,False
43,5f615871aa4f2b137cbb8d82,pilot_class_test,7576-795391a2-2c6a-4ba8-b03f-6eded7d951d1,1600215153436.0,undefined,L,C,8.0,6,2,0,1,two vertical pieces on the top left ,14777,157789,1600215151026,1600215008014,chatMessage,False
44,5f61588aaa4f2b137cbb8d9a,pilot_class_test,7576-795391a2-2c6a-4ba8-b03f-6eded7d951d1,1600215178021.0,undefined,L,C,8.0,8,2,0,1,one horizontal piece at the top like the bottom ,17505,182395,1600215172904,1600215008014,chatMessage,False
45,5f6158b2aa4f2b137cbb8dbe,pilot_class_test,7576-795391a2-2c6a-4ba8-b03f-6eded7d951d1,1600215218705.0,undefined,C,L,9.0,0,3,0,1,for the left one horizontal piece in between the red line,29822,29822,1600215201261,1600215201261,chatMessage,False
46,5f6158c2aa4f2b137cbb8dcd,pilot_class_test,7576-795391a2-2c6a-4ba8-b03f-6eded7d951d1,1600215234604.0,undefined,C,L,9.0,2,3,0,1,top left add two vertical pieces ,11510,45705,1600215235456,1600215201261,chatMessage,False
47,5f6158daaa4f2b137cbb8dd6,pilot_class_test,7576-795391a2-2c6a-4ba8-b03f-6eded7d951d1,1600215258633.0,undefined,C,L,9.0,4,3,0,1,one horizontal on top like the bottom,10495,69759,1600215260525,1600215201261,chatMessage,False
48,5f6158fdaa4f2b137cbb8df7,pilot_class_test,7576-795391a2-2c6a-4ba8-b03f-6eded7d951d1,1600215293619.0,undefined,C,L,9.0,6,3,0,1,for the right a horizantal piece on each side of the red line,30322,104743,1600215275682,1600215201261,chatMessage,False
49,5f61590faa4f2b137cbb8e08,pilot_class_test,7576-795391a2-2c6a-4ba8-b03f-6eded7d951d1,1600215311412.0,undefined,C,L,9.0,8,3,0,1,two vertical line on the left to make the letter L,10145,122535,1600215313651,1600215201261,chatMessage,False
50,5f61592daa4f2b137cbb8e22,pilot_class_test,7576-795391a2-2c6a-4ba8-b03f-6eded7d951d1,1600215341355.0,undefined,Pi,L,10.0,0,3,0,1,The left side is the letter L like last round,16170,16170,1600215337569,1600215337569,chatMessage,False
51,5f615977aa4f2b137cbb8e59,pilot_class_test,7576-795391a2-2c6a-4ba8-b03f-6eded7d951d1,1600215415534.0,undefined,Pi,L,10.0,2,3,0,1,gdi I messed up the right side is the L,59337,90344,1600215368576,1600215337569,chatMessage,False
52,5f6159b0aa4f2b137cbb8e89,pilot_class_test,7576-795391a2-2c6a-4ba8-b03f-6eded7d951d1,1600215472367.0,undefined,Pi,C,11.0,0,3,0,1,the left side is a vertical piece one spot away from the red line on each side,39514,39514,1600215445234,1600215445234,chatMessage,False
53,5f6159c5aa4f2b137cbb8e94,pilot_class_test,7576-795391a2-2c6a-4ba8-b03f-6eded7d951d1,1600215493605.0,undefined,Pi,C,11.0,2,3,0,1,connect at the top with horizontal pieces,14485,60755,1600215491504,1600215445234,chatMessage,False
54,5f6159e7aa4f2b137cbb8eae,pilot_class_test,7576-795391a2-2c6a-4ba8-b03f-6eded7d951d1,1600215527140.0,undefined,Pi,C,11.0,4,3,0,1,for the right is one horizontal piece between the red line ,26579,94291,1600215512946,1600215445234,chatMessage,False
55,5f6159ffaa4f2b137cbb8ebe,pilot_class_test,7576-795391a2-2c6a-4ba8-b03f-6eded7d951d1,1600215551287.0,undefined,Pi,C,11.0,6,3,0,1,two vertical pieces on top of the left,15224,118437,1600215548447,1600215445234,chatMessage,False
56,5f615a16aa4f2b137cbb8ed0,pilot_class_test,7576-795391a2-2c6a-4ba8-b03f-6eded7d951d1,1600215574570.0,undefined,Pi,C,11.0,8,3,0,1,horizontal piece like the bottom on top,12861,141720,1600215574093,1600215445234,chatMessage,False
0,5f615118aa4f2b137cbb8779,pilot_class_test,4380-2c1daa33-6381-4e9d-93c3-e54857f5c025,1600213272996.0,undefined,vertical,horizontal,,0,practice,1,1,one up and down on the left of the red line,29525,29525,1600213243362,1600213243362,chatMessage,True
1,5f615158aa4f2b137cbb8788,pilot_class_test,4380-2c1daa33-6381-4e9d-93c3-e54857f5c025,1600213336180.0,undefined,vertical,horizontal,,2,practice,1,1,one side to side with one block on each side of the red line on the right of the screen ,26787,92725,1600213309300,1600213243362,chatMessage,True
2,5f6151a8aa4f2b137cbb87ad,pilot_class_test,4380-2c1daa33-6381-4e9d-93c3-e54857f5c025,1600213416525.0,undefined,vertical,horizontal,,0,practice,1,1,one up and down black on the left of the red line to the left of the screen ,42373,42373,1600213374048,1600213374048,chatMessage,True
3,5f6151e3aa4f2b137cbb87bf,pilot_class_test,4380-2c1daa33-6381-4e9d-93c3-e54857f5c025,1600213475190.0,undefined,vertical,horizontal,,2,practice,1,1,one side to side block with the middle line aligned with the red line on the right side of the scree,32444,101022,1600213442626,1600213374048,chatMessage,True
4,5f615221aa4f2b137cbb87d6,pilot_class_test,4380-2c1daa33-6381-4e9d-93c3-e54857f5c025,1600213537369.0,undefined,C,Pi,0.0,0,0,1,1,one side to side block with the red line on the left of the screen aligned with the middle,30659,30659,1600213506572,1600213506572,chatMessage,False
5,5f61524eaa4f2b137cbb87ea,pilot_class_test,4380-2c1daa33-6381-4e9d-93c3-e54857f5c025,1600213582258.0,undefined,C,Pi,0.0,2,0,1,1,one up and down one on top of the left block of the one you just placed,31163,75555,1600213550964,1600213506572,chatMessage,False
6,5f615276aa4f2b137cbb8802,pilot_class_test,4380-2c1daa33-6381-4e9d-93c3-e54857f5c025,1600213622202.0,undefined,C,Pi,0.0,4,0,1,1,one up and down on top of the up and down you just placed,21680,115492,1600213600384,1600213506572,chatMessage,False
7,5f615298aa4f2b137cbb8813,pilot_class_test,4380-2c1daa33-6381-4e9d-93c3-e54857f5c025,1600213656019.0,undefined,C,Pi,0.0,6,0,1,1,one blue one on top of the red one you placed that lines up with the blue on the bottom ,23373,149304,1600213632503,1600213506572,chatMessage,False
8,5f6152d7aa4f2b137cbb882a,pilot_class_test,4380-2c1daa33-6381-4e9d-93c3-e54857f5c025,1600213719209.0,undefined,C,Pi,0.0,8,0,1,1,now new tower - one red on with one empty space than place it on the next square by the line on righ,50136,212484,1600213668920,1600213506572,chatMessage,False
9,5f615304aa4f2b137cbb8840,pilot_class_test,4380-2c1daa33-6381-4e9d-93c3-e54857f5c025,1600213764740.0,undefined,C,Pi,0.0,10,0,1,1,now do the same on the other side of the line,10674,257988,1600213753886,1600213506572,chatMessage,False
10,5f615332aa4f2b137cbb8859,pilot_class_test,4380-2c1daa33-6381-4e9d-93c3-e54857f5c025,1600213810470.0,undefined,C,Pi,0.0,12,0,1,1,place blue on top of red so in the end it will make half a square,37173,303700,1600213773099,1600213506572,chatMessage,False
11,5f61535caa4f2b137cbb8874,pilot_class_test,4380-2c1daa33-6381-4e9d-93c3-e54857f5c025,1600213852066.0,undefined,C,Pi,0.0,14,0,1,1,the same on the other side,8296,345319,1600213843595,1600213506572,chatMessage,False
12,5f61537faa4f2b137cbb8891,pilot_class_test,4380-2c1daa33-6381-4e9d-93c3-e54857f5c025,1600213887913.0,undefined,L,Pi,1.0,0,0,1,1,red line on left of the screen put a blue directly next to it on left side,25720,25720,1600213862010,1600213862010,chatMessage,False
13,5f615399aa4f2b137cbb88a9,pilot_class_test,4380-2c1daa33-6381-4e9d-93c3-e54857f5c025,1600213913546.0,undefined,L,Pi,1.0,2,0,1,1,do the same on the other side of the red line,13256,51351,1600213900105,1600213862010,chatMessage,False
14,5f6153b4aa4f2b137cbb88c1,pilot_class_test,4380-2c1daa33-6381-4e9d-93c3-e54857f5c025,1600213940219.0,undefined,L,Pi,1.0,4,0,1,1,now on the most left blue block place a red one (to make an L),21002,77998,1600213919006,1600213862010,chatMessage,False
15,5f6153d2aa4f2b137cbb88d8,pilot_class_test,4380-2c1daa33-6381-4e9d-93c3-e54857f5c025,1600213970367.0,undefined,L,Pi,1.0,6,0,1,1,another red on top of that red,9131,108148,1600213961027,1600213862010,chatMessage,False
16,5f6153ebaa4f2b137cbb88e7,pilot_class_test,4380-2c1daa33-6381-4e9d-93c3-e54857f5c025,1600213995768.0,undefined,L,Pi,1.0,8,0,1,1,"now other tower- same as last time, put a red one space away from red line",20779,133559,1600213974790,1600213862010,chatMessage,False
17,5f615409aa4f2b137cbb88fd,pilot_class_test,4380-2c1daa33-6381-4e9d-93c3-e54857f5c025,1600214025343.0,undefined,L,Pi,1.0,10,0,1,1,same on other side,9769,163114,1600214015355,1600213862010,chatMessage,False
18,5f615413aa4f2b137cbb8905,pilot_class_test,4380-2c1daa33-6381-4e9d-93c3-e54857f5c025,1600214035971.0,undefined,L,Pi,1.0,12,0,1,1,put blue on top ,5709,173719,1600214030020,1600213862010,chatMessage,False
19,5f615420aa4f2b137cbb890b,pilot_class_test,4380-2c1daa33-6381-4e9d-93c3-e54857f5c025,1600214048915.0,undefined,L,Pi,1.0,14,0,1,1,same on other side,4730,186690,1600214043970,1600213862010,chatMessage,False
20,5f615439aa4f2b137cbb8926,pilot_class_test,4380-2c1daa33-6381-4e9d-93c3-e54857f5c025,1600214073722.0,undefined,L,C,2.0,0,0,1,1,put a blue on the left side of the left red line,15075,15075,1600214058301,1600214058301,chatMessage,False
21,5f61544faa4f2b137cbb893c,pilot_class_test,4380-2c1daa33-6381-4e9d-93c3-e54857f5c025,1600214095011.0,undefined,L,C,2.0,2,0,1,1,blue on right side of red line,11331,36491,1600214083461,1600214058301,chatMessage,False
22,5f615461aa4f2b137cbb8951,pilot_class_test,4380-2c1daa33-6381-4e9d-93c3-e54857f5c025,1600214113886.0,undefined,L,C,2.0,4,0,1,1,"red on top of the blue to the left, L again ",12137,55368,1600214101532,1600214058301,chatMessage,False
23,5f61546faa4f2b137cbb8955,pilot_class_test,4380-2c1daa33-6381-4e9d-93c3-e54857f5c025,1600214127460.0,undefined,L,C,2.0,6,0,1,1,another red on top,6052,68900,1600214121149,1600214058301,chatMessage,False
24,5f615483aa4f2b137cbb8969,pilot_class_test,4380-2c1daa33-6381-4e9d-93c3-e54857f5c025,1600214147876.0,undefined,L,C,2.0,8,0,1,1,now on the other red line put a blue with the middle aligned with red line,15546,89343,1600214132098,1600214058301,chatMessage,False
25,5f6154a0aa4f2b137cbb897c,pilot_class_test,4380-2c1daa33-6381-4e9d-93c3-e54857f5c025,1600214176938.0,undefined,L,C,2.0,10,0,1,1,on the left of that blue block put a red ,22713,118408,1600214153996,1600214058301,chatMessage,False
26,5f6154afaa4f2b137cbb898a,pilot_class_test,4380-2c1daa33-6381-4e9d-93c3-e54857f5c025,1600214191727.0,undefined,L,C,2.0,12,0,1,1,put another red on top ,6337,133197,1600214185161,1600214058301,chatMessage,False
27,5f6154bfaa4f2b137cbb8998,pilot_class_test,4380-2c1daa33-6381-4e9d-93c3-e54857f5c025,1600214207847.0,undefined,L,C,2.0,14,0,1,1,put a blue on top that matches with blue on bottom ,11518,149313,1600214196096,1600214058301,chatMessage,False
28,5f6154dcaa4f2b137cbb89ab,pilot_class_test,4380-2c1daa33-6381-4e9d-93c3-e54857f5c025,1600214236892.0,undefined,C,L,3.0,0,1,1,1,on the left red line put a blue with middle aligning with red line,16710,16710,1600214219943,1600214219943,chatMessage,False
29,5f6154ebaa4f2b137cbb89b8,pilot_class_test,4380-2c1daa33-6381-4e9d-93c3-e54857f5c025,1600214250999.0,undefined,C,L,3.0,2,1,1,1,on the left of that block put a red,7211,30815,1600214243547,1600214219943,chatMessage,False
30,5f6154f5aa4f2b137cbb89cb,pilot_class_test,4380-2c1daa33-6381-4e9d-93c3-e54857f5c025,1600214261551.0,undefined,C,L,3.0,4,1,1,1,put another red on top,5203,41351,1600214256091,1600214219943,chatMessage,False
31,5f615505aa4f2b137cbb89d6,pilot_class_test,4380-2c1daa33-6381-4e9d-93c3-e54857f5c025,1600214277042.0,undefined,C,L,3.0,6,1,1,1,put a blue that matches with blue on the bottom,10375,56855,1600214266423,1600214219943,chatMessage,False
32,5f615517aa4f2b137cbb89e5,pilot_class_test,4380-2c1daa33-6381-4e9d-93c3-e54857f5c025,1600214295661.0,undefined,C,L,3.0,8,1,1,1,new tower - put a blue directly to the left of the other red line,13890,75456,1600214281509,1600214219943,chatMessage,False
33,5f615525aa4f2b137cbb89f0,pilot_class_test,4380-2c1daa33-6381-4e9d-93c3-e54857f5c025,1600214309289.0,undefined,C,L,3.0,10,1,1,1,now to the right,4228,89088,1600214304803,1600214219943,chatMessage,False
34,5f615536aa4f2b137cbb8a00,pilot_class_test,4380-2c1daa33-6381-4e9d-93c3-e54857f5c025,1600214326881.0,undefined,C,L,3.0,12,1,1,1,on the left of all the blue put a red (L again),13574,106684,1600214313053,1600214219943,chatMessage,False
35,5f615541aa4f2b137cbb8a13,pilot_class_test,4380-2c1daa33-6381-4e9d-93c3-e54857f5c025,1600214337221.0,undefined,C,L,3.0,14,1,1,1,another red,3410,117025,1600214333558,1600214219943,chatMessage,False
36,5f61555faa4f2b137cbb8a33,pilot_class_test,4380-2c1daa33-6381-4e9d-93c3-e54857f5c025,1600214367964.0,undefined,Pi,C,4.0,0,1,1,1,on the left red line put a red but one space away from the red line on left side ,20901,20901,1600214346800,1600214346800,chatMessage,False
37,5f61556eaa4f2b137cbb8a42,pilot_class_test,4380-2c1daa33-6381-4e9d-93c3-e54857f5c025,1600214382571.0,undefined,Pi,C,4.0,2,1,1,1,same on other side,6103,35508,1600214376205,1600214346800,chatMessage,False
38,5f615583aa4f2b137cbb8a55,pilot_class_test,4380-2c1daa33-6381-4e9d-93c3-e54857f5c025,1600214403186.0,undefined,Pi,C,4.0,4,1,1,1,now put a blue on top - making half square ,15023,56104,1600214387881,1600214346800,chatMessage,False
39,5f61558caa4f2b137cbb8a5e,pilot_class_test,4380-2c1daa33-6381-4e9d-93c3-e54857f5c025,1600214412977.0,undefined,Pi,C,4.0,6,1,1,1,same on other side,3904,65910,1600214408806,1600214346800,chatMessage,False
40,5f6155a8aa4f2b137cbb8a79,pilot_class_test,4380-2c1daa33-6381-4e9d-93c3-e54857f5c025,1600214440667.0,undefined,Pi,C,4.0,8,1,1,1,on the other red line - put a blue with the middle of the blue line aligned with red line,23848,93593,1600214416545,1600214346800,chatMessage,False
41,5f6155bcaa4f2b137cbb8a87,pilot_class_test,4380-2c1daa33-6381-4e9d-93c3-e54857f5c025,1600214460857.0,undefined,Pi,C,4.0,10,1,1,1,on the left of the blue line put a red ,11231,113780,1600214449349,1600214346800,chatMessage,False
42,5f6155c9aa4f2b137cbb8a90,pilot_class_test,4380-2c1daa33-6381-4e9d-93c3-e54857f5c025,1600214473977.0,undefined,Pi,C,4.0,12,1,1,1,another red on top ,5491,126897,1600214468206,1600214346800,chatMessage,False
43,5f6155dcaa4f2b137cbb8a9a,pilot_class_test,4380-2c1daa33-6381-4e9d-93c3-e54857f5c025,1600214492285.0,undefined,Pi,C,4.0,14,1,1,1,blue on top aligned with blue on bottom ,14391,145205,1600214477614,1600214346800,chatMessage,False
44,5f615603aa4f2b137cbb8ac2,pilot_class_test,4380-2c1daa33-6381-4e9d-93c3-e54857f5c025,1600214531125.0,undefined,Pi,L,5.0,0,1,1,1,on the right of right red line put a space and then place red on either side,26682,26682,1600214504144,1600214504144,chatMessage,False
45,5f615639aa4f2b137cbb8afb,pilot_class_test,4380-2c1daa33-6381-4e9d-93c3-e54857f5c025,1600214585829.0,undefined,Pi,L,5.0,2,1,1,1,"I messed up I meant left red line, but in the middle of those two put a blue ",25083,81390,1600214560451,1600214504144,chatMessage,False
46,5f61565caa4f2b137cbb8b12,pilot_class_test,4380-2c1daa33-6381-4e9d-93c3-e54857f5c025,1600214620762.0,undefined,Pi,L,5.0,4,1,1,1,on top of the left red one put another red ,16436,116318,1600214604026,1600214504144,chatMessage,False
47,5f615675aa4f2b137cbb8b23,pilot_class_test,4380-2c1daa33-6381-4e9d-93c3-e54857f5c025,1600214645307.0,undefined,Pi,L,5.0,6,1,1,1,put another red on top of that,13061,140852,1600214631935,1600214504144,chatMessage,False
48,5f615688aa4f2b137cbb8b33,pilot_class_test,4380-2c1daa33-6381-4e9d-93c3-e54857f5c025,1600214664932.0,undefined,Pi,L,5.0,8,1,1,1,on other red line put a red a space away from line on both sides,14145,160480,1600214650479,1600214504144,chatMessage,False
49,5f61569caa4f2b137cbb8b4d,pilot_class_test,4380-2c1daa33-6381-4e9d-93c3-e54857f5c025,1600214684086.0,undefined,Pi,L,5.0,10,1,1,1,put blues on top to make half square,9469,179630,1600214674305,1600214504144,chatMessage,False
50,5f6156b2aa4f2b137cbb8b6c,pilot_class_test,4380-2c1daa33-6381-4e9d-93c3-e54857f5c025,1600214706745.0,undefined,L,Pi,6.0,0,2,1,1,on left red line put a blue on both sides ,12184,12184,1600214694213,1600214694213,chatMessage,False
51,5f6156c8aa4f2b137cbb8b86,pilot_class_test,4380-2c1daa33-6381-4e9d-93c3-e54857f5c025,1600214728116.0,undefined,L,Pi,6.0,2,2,1,1,on the left of that put two reds - make an L ,10476,33585,1600214717322,1600214694213,chatMessage,False
52,5f6156eaaa4f2b137cbb8bab,pilot_class_test,4380-2c1daa33-6381-4e9d-93c3-e54857f5c025,1600214762125.0,undefined,L,Pi,6.0,4,2,1,1,"on the other red line make half square again, two red on bottom, two blue on top ",23632,67589,1600214738170,1600214694213,chatMessage,False
53,5f61571faa4f2b137cbb8bee,pilot_class_test,4380-2c1daa33-6381-4e9d-93c3-e54857f5c025,1600214815392.0,undefined,L,C,7.0,0,2,1,1,"on the left red line make an L again, two blue on both sides of red line, two red on top of left ",31683,31683,1600214783375,1600214783375,chatMessage,False
54,5f61575daa4f2b137cbb8c38,pilot_class_test,4380-2c1daa33-6381-4e9d-93c3-e54857f5c025,1600214877463.0,undefined,L,C,7.0,2,2,1,1,"on the right red line make the bracket shape, blue on bottom with line in middle ",47615,93742,1600214829502,1600214783375,chatMessage,False
55,5f61578caa4f2b137cbb8c70,pilot_class_test,4380-2c1daa33-6381-4e9d-93c3-e54857f5c025,1600214924765.0,undefined,L,C,7.0,4,2,1,1,then two red on top of left blue block with another blue block on top aligned with bottom blue,27676,141035,1600214896734,1600214783375,chatMessage,False
56,5f6157acaa4f2b137cbb8c95,pilot_class_test,4380-2c1daa33-6381-4e9d-93c3-e54857f5c025,1600214956691.0,undefined,C,Pi,8.0,0,2,1,1,same bracket shape on the left red line,11362,11362,1600214944957,1600214944957,chatMessage,False
57,5f6157c2aa4f2b137cbb8caf,pilot_class_test,4380-2c1daa33-6381-4e9d-93c3-e54857f5c025,1600214978512.0,undefined,C,Pi,8.0,2,2,1,1,half square on the right red line,6537,33196,1600214971616,1600214944957,chatMessage,False
58,5f6157deaa4f2b137cbb8cdc,pilot_class_test,4380-2c1daa33-6381-4e9d-93c3-e54857f5c025,1600215006854.0,undefined,C,L,9.0,0,3,1,1,same bracket on the left red line,10094,10094,1600214996396,1600214996396,chatMessage,False
59,5f6157f0aa4f2b137cbb8cf2,pilot_class_test,4380-2c1daa33-6381-4e9d-93c3-e54857f5c025,1600215024342.0,undefined,C,L,9.0,2,3,1,1,L on the right red line,7192,27579,1600215016783,1600214996396,chatMessage,False
60,5f61581eaa4f2b137cbb8d1a,pilot_class_test,4380-2c1daa33-6381-4e9d-93c3-e54857f5c025,1600215070875.0,undefined,Pi,L,10.0,0,3,1,1,half square on the left red line,23087,23087,1600215047412,1600215047412,chatMessage,False
61,5f615831aa4f2b137cbb8d32,pilot_class_test,4380-2c1daa33-6381-4e9d-93c3-e54857f5c025,1600215089179.0,undefined,Pi,L,10.0,2,3,1,1,L on the right red line,7903,41374,1600215080883,1600215047412,chatMessage,False
62,5f615851aa4f2b137cbb8d53,pilot_class_test,4380-2c1daa33-6381-4e9d-93c3-e54857f5c025,1600215121529.0,undefined,Pi,C,11.0,0,3,1,1,half square on the left red line,11952,11952,1600215109191,1600215109191,chatMessage,False
63,5f615866aa4f2b137cbb8d73,pilot_class_test,4380-2c1daa33-6381-4e9d-93c3-e54857f5c025,1600215142791.0,undefined,Pi,C,11.0,2,3,1,1,bracket on the right red line,12508,33208,1600215129891,1600215109191,chatMessage,False
0,5f615123aa4f2b137cbb877d,pilot_class_test,8112-faa4477d-f5db-4414-b463-d41931fd5654,1600213283872.0,undefined,vertical,horizontal,,0,practice,0,0,"one red block next to left red label, and one blue block in the middle of red label on right side~~~  ",65858,65858,1600213217999,1600213217999,chatMessage,True
1,5f6151abaa4f2b137cbb87b1,pilot_class_test,8112-faa4477d-f5db-4414-b463-d41931fd5654,1600213419463.0,undefined,vertical,horizontal,,0,practice,0,0,"same exact thing, but put the red block on the left side of the left label ",60434,60434,1600213359018,1600213359018,chatMessage,True
2,5f615204aa4f2b137cbb87d0,pilot_class_test,8112-faa4477d-f5db-4414-b463-d41931fd5654,1600213508339.0,undefined,L,C,0.0,0,0,0,0,make a large L with 4 each way in middle of left side~~~ make a small C in middle of right side~~~ 6 up,74593,74593,1600213433735,1600213433735,chatMessage,False
3,5f6152e5aa4f2b137cbb882d,pilot_class_test,8112-faa4477d-f5db-4414-b463-d41931fd5654,1600213733310.0,undefined,C,Pi,1.0,0,0,0,0,"large c with 6 up on left side~~~ and 2 over~~~ a half square~~~ 4 over~~~ in middle of right side
",115215,115215,1600213618080,1600213618080,chatMessage,False
4,5f615361aa4f2b137cbb887a,pilot_class_test,8112-faa4477d-f5db-4414-b463-d41931fd5654,1600213857816.0,undefined,C,Pi,1.0,2,0,0,0,same thing~~~ lol ,31778,239720,1600213826022,1600213618080,chatMessage,False
5,5f615401aa4f2b137cbb88f7,pilot_class_test,8112-faa4477d-f5db-4414-b463-d41931fd5654,1600214017311.0,undefined,L,Pi,2.0,0,0,0,0,"large L 4 up 4 over~~~ in middle of L~~~ and then make a upsidedown u on riht side
",99720,99720,1600213917578,1600213917578,chatMessage,False
6,5f6154b5aa4f2b137cbb898f,pilot_class_test,8112-faa4477d-f5db-4414-b463-d41931fd5654,1600214197042.0,undefined,L,Pi,2.0,2,0,0,0,same thing but put the l,63562,279449,1600214133465,1600213917578,chatMessage,False
7,5f615515aa4f2b137cbb89e4,pilot_class_test,8112-faa4477d-f5db-4414-b463-d41931fd5654,1600214293173.0,undefined,Pi,C,3.0,0,1,0,0,"same as last time but switch the l and the u sides
",25317,25317,1600214267842,1600214267842,chatMessage,False
8,5f615581aa4f2b137cbb8a52,pilot_class_test,8112-faa4477d-f5db-4414-b463-d41931fd5654,1600214401753.0,undefined,Pi,L,4.0,0,1,0,0,"same thing, u on right side~~~ and L on the other",32268,32268,1600214369459,1600214369459,chatMessage,False
9,5f6155faaa4f2b137cbb8ab6,pilot_class_test,8112-faa4477d-f5db-4414-b463-d41931fd5654,1600214522446.0,undefined,C,L,5.0,0,1,0,0,"large L on left side, and large c on rigth side",71438,71438,1600214450992,1600214450992,chatMessage,False
10,5f615658aa4f2b137cbb8b0d,pilot_class_test,8112-faa4477d-f5db-4414-b463-d41931fd5654,1600214616062.0,undefined,L,C,6.0,0,2,0,0,"put large L in middle of red thing on left side~~~ Put larger c in middle of red thing on right side
",30957,30957,1600214585090,1600214585090,chatMessage,False
11,5f6156acaa4f2b137cbb8b66,pilot_class_test,8112-faa4477d-f5db-4414-b463-d41931fd5654,1600214700321.0,undefined,L,Pi,7.0,0,2,0,0,"same L as last time, and upside down U in middle of right side",22450,22450,1600214677854,1600214677854,chatMessage,False
12,5f615736aa4f2b137cbb8c13,pilot_class_test,8112-faa4477d-f5db-4414-b463-d41931fd5654,1600214838873.0,undefined,C,Pi,8.0,0,2,0,0,"same u on rigth side, and large c on left side in middel of red thing",77065,77065,1600214761792,1600214761792,chatMessage,False
13,5f6157a8aa4f2b137cbb8c8f,pilot_class_test,8112-faa4477d-f5db-4414-b463-d41931fd5654,1600214952101.0,undefined,Pi,L,9.0,0,3,0,0,large 4 by 4 L on rigth side in middle of red thing~~~ Uoside down U in middle of red thing on left,65726,65726,1600214886358,1600214886358,chatMessage,False
14,5f615833aa4f2b137cbb8d34,pilot_class_test,8112-faa4477d-f5db-4414-b463-d41931fd5654,1600215091253.0,undefined,Pi,C,10.0,0,3,0,0,nice! same upsidedown U on left side~~~ Large C up 6 and over 2 on rigth side in middle of red thing,65716,65716,1600215025519,1600215025519,chatMessage,False
15,5f6158dcaa4f2b137cbb8dd8,pilot_class_test,8112-faa4477d-f5db-4414-b463-d41931fd5654,1600215260381.0,undefined,C,L,11.0,0,3,0,0,large L on right side 4 by 4 and same large c on left side both in middle of red,88285,88285,1600215172076,1600215172076,chatMessage,False
0,5f615173aa4f2b137cbb8793,pilot_class_test,0449-94305781-1247-4124-92aa-3e79001a722d,1600213363333.0,undefined,horizontal,vertical,,0,practice,1,1,From left to right place the horizontal piece so it takes up squares 3&4~~~ Vertical Piece on sq 9,134324,134324,1600213228968,1600213228968,chatMessage,True
1,5f615233aa4f2b137cbb87db,pilot_class_test,0449-94305781-1247-4124-92aa-3e79001a722d,1600213555423.0,undefined,L,C,0.0,0,0,1,1,"blue piece on square 2, 4, & 9~~~ 
2 red on top of sq 2 & 9 
blue at the top of sq 9 ",170785,170785,1600213384593,1600213384593,chatMessage,False
2,5f615300aa4f2b137cbb883e,pilot_class_test,0449-94305781-1247-4124-92aa-3e79001a722d,1600213760883.0,undefined,L,C,0.0,2,0,1,1,"blue piece on sq 2, 4, & 9, then stack 2 red on sq 2~~~ should be 4 high~~~ Repeat for sq 9 add blue top",139388,376216,1600213621421,1600213384593,chatMessage,False
3,5f615381aa4f2b137cbb8892,pilot_class_test,0449-94305781-1247-4124-92aa-3e79001a722d,1600213889751.0,undefined,L,Pi,1.0,0,0,1,1,blue on sq 2&4~~~ Stack 2 red on sq 2~~~ Red on sq 8&11~~~ Blue on top of red on sq 8&11,98384,98384,1600213791287,1600213791287,chatMessage,False
4,5f615409aa4f2b137cbb88fe,pilot_class_test,0449-94305781-1247-4124-92aa-3e79001a722d,1600214025929.0,undefined,C,Pi,2.0,0,0,1,1,"blue on sq 3~~~ Stack 2 red on sq 3~~~ Blue on top of sq 3~~~ red on sq 8&11~~~ Blue on top of sq 8&11
",86493,86493,1600213939377,1600213939377,chatMessage,False
5,5f6154acaa4f2b137cbb8988,pilot_class_test,0449-94305781-1247-4124-92aa-3e79001a722d,1600214188323.0,undefined,Pi,C,3.0,0,1,1,1,red on sq 2&5~~~ Blue on top of sq 2&5~~~ Blue on sq 9~~~ Stack 2 red on sq 9~~~ Blue on top of sq 9,99707,99707,1600214088552,1600214088552,chatMessage,False
6,5f615514aa4f2b137cbb89e3,pilot_class_test,0449-94305781-1247-4124-92aa-3e79001a722d,1600214292995.0,undefined,C,L,4.0,0,1,1,1,blue on sq 3~~~ Stack 2 red on sq 3~~~ Blue on top of sq 3~~~ blue on sq 8&10~~~ Stack 2 red on sq 8,63510,63510,1600214229467,1600214229467,chatMessage,False
7,5f615580aa4f2b137cbb8a4e,pilot_class_test,0449-94305781-1247-4124-92aa-3e79001a722d,1600214400422.0,undefined,Pi,L,5.0,0,1,1,1,red on sq 2&5~~~ Blue on top of sq 2&5~~~ Blue on sq 8&10~~~ stack 2 red on sq 8,45440,45440,1600214354953,1600214354953,chatMessage,False
8,5f6155e1aa4f2b137cbb8a9f,pilot_class_test,0449-94305781-1247-4124-92aa-3e79001a722d,1600214497948.0,undefined,L,Pi,6.0,0,2,1,1,"blue on sq 2&4~~~ Stack 2 red on sq 2~~~ red on sq 8&11~~~ Blue on top of sq 8&11
",53218,53218,1600214444711,1600214444711,chatMessage,False
9,5f615662aa4f2b137cbb8b14,pilot_class_test,0449-94305781-1247-4124-92aa-3e79001a722d,1600214626228.0,undefined,C,Pi,7.0,0,2,1,1,"blue on sq 3~~~ stack 2 red on sq 3~~~ blue on top of sq 3~~~ red on sq  8&11~~~ blue on top of sq 8&11
",60167,60167,1600214566036,1600214566036,chatMessage,False
10,5f6156f3aa4f2b137cbb8bb9,pilot_class_test,0449-94305781-1247-4124-92aa-3e79001a722d,1600214771166.0,undefined,L,C,8.0,0,2,1,1,blue on sq 2&4~~~ stack 2 red on sq 2~~~ blue on sq 9~~~ stack 2 red on sq 9~~~ blue on top of sq 9,45017,45017,1600214726123,1600214726123,chatMessage,False
11,5f615772aa4f2b137cbb8c45,pilot_class_test,0449-94305781-1247-4124-92aa-3e79001a722d,1600214898322.0,undefined,C,L,9.0,0,3,1,1,blue on sq 3~~~ stack 2 red on sq 3~~~ blue on top of sq 3~~~ blue on sq 8&10~~~ stack 2 red on sq 8,40665,40665,1600214857623,1600214857623,chatMessage,False
12,5f6157d8aa4f2b137cbb8cd5,pilot_class_test,0449-94305781-1247-4124-92aa-3e79001a722d,1600215000895.0,undefined,Pi,L,10.0,0,3,1,1,red on sq 2&5~~~ Blue on top of sq 2&5~~~ blue on sq 8&10~~~ stack 2 red on sq 8,38525,38525,1600214962338,1600214962338,chatMessage,False
13,5f61584aaa4f2b137cbb8d4e,pilot_class_test,0449-94305781-1247-4124-92aa-3e79001a722d,1600215114524.0,undefined,Pi,C,11.0,0,3,1,1,red on sq 2&5~~~ Blue on top of sq 2&5~~~ blue on sq9~~~ stack 2 red on sq 9~~~ blue on top of sq 9,44932,44932,1600215069558,1600215069558,chatMessage,False
0,5f61518faa4f2b137cbb87a0,pilot_class_test,6774-10af739b-71c2-416e-babb-bbb7148f257d,1600213391632.0,undefined,horizontal,vertical,,0,practice,0,2,Nmbr the bottom row mentally as #'s 1 through 12 from left to right~~~ Blue block on 3-4~~~ Row 9 blue ,197825,197825,1600213195225,1600213195225,chatMessage,True
1,5f61527eaa4f2b137cbb8806,pilot_class_test,6774-10af739b-71c2-416e-babb-bbb7148f257d,1600213630339.0,undefined,horizontal,vertical,,2,practice,0,2,Great! we will always work from left to right~~~ if I type 9-9 for example its becase its verticl bloc,134554,436535,1600213497206,1600213195225,chatMessage,True
2,5f6152f9aa4f2b137cbb883b,pilot_class_test,6774-10af739b-71c2-416e-babb-bbb7148f257d,1600213753049.0,undefined,L,C,0.0,0,0,0,2,"2-3red , 3-4 red, 9-10 red this is the first row
",85219,85219,1600213669250,1600213669250,chatMessage,False
3,5f615473aa4f2b137cbb8959,pilot_class_test,6774-10af739b-71c2-416e-babb-bbb7148f257d,1600214131347.0,undefined,L,C,0.0,2,0,0,2,"I will explain numbers only 4 here on out sorry, 2-2 & 9-9 only for this rnd~~~ building off last rnd",104046,463513,1600214028717,1600213669250,chatMessage,False
4,5f61552daa4f2b137cbb89f6,pilot_class_test,6774-10af739b-71c2-416e-babb-bbb7148f257d,1600214317778.0,undefined,L,C,0.0,4,0,0,2,"the left side is looking great, 2-2 again~~~ and do another 9-9 also~~~",114512,649956,1600214204694,1600213669250,chatMessage,False
5,5f615566aa4f2b137cbb8a38,pilot_class_test,6774-10af739b-71c2-416e-babb-bbb7148f257d,1600214374655.0,undefined,L,C,0.0,6,0,0,2,"block on 4-5 and another 9-9
",34382,706836,1600214341704,1600213669250,chatMessage,False
6,5f6155d4aa4f2b137cbb8a94,pilot_class_test,6774-10af739b-71c2-416e-babb-bbb7148f257d,1600214484022.0,undefined,L,C,0.0,8,0,0,2,srry its hard to give directions with only 100 letters~~~ do 10-10 twice~~~,69809,816160,1600214415601,1600213669250,chatMessage,False
7,5f61560faa4f2b137cbb8aca,pilot_class_test,6774-10af739b-71c2-416e-babb-bbb7148f257d,1600214543353.0,undefined,C,Pi,1.0,0,0,0,2,"we will try one block each turn now,
3-4",27907,27907,1600214516880,1600214516880,chatMessage,False
8,5f615620aa4f2b137cbb8adf,pilot_class_test,6774-10af739b-71c2-416e-babb-bbb7148f257d,1600214560132.0,undefined,C,Pi,1.0,2,0,0,2,"3-3
",4160,44673,1600214557393,1600214516880,chatMessage,False
9,5f615630aa4f2b137cbb8af3,pilot_class_test,6774-10af739b-71c2-416e-babb-bbb7148f257d,1600214576226.0,undefined,C,Pi,1.0,4,0,0,2,3-3,4149,60781,1600214573512,1600214516880,chatMessage,False
10,5f615639aa4f2b137cbb8afa,pilot_class_test,6774-10af739b-71c2-416e-babb-bbb7148f257d,1600214585567.0,undefined,C,Pi,1.0,6,0,0,2,3-4,3318,70123,1600214583685,1600214516880,chatMessage,False
11,5f615692aa4f2b137cbb8b43,pilot_class_test,6774-10af739b-71c2-416e-babb-bbb7148f257d,1600214674908.0,undefined,C,Pi,1.0,8,0,0,2,"in row with the blocks we have been placing, place one more block just like the bottom looks~~~ 3-4",38057,159462,1600214638285,1600214516880,chatMessage,False
12,5f6156b4aa4f2b137cbb8b6f,pilot_class_test,6774-10af739b-71c2-416e-babb-bbb7148f257d,1600214708274.0,undefined,C,Pi,1.0,10,0,0,2,"Perfect! We finished the left now for the right~~~ 8-8
",19506,192827,1600214690201,1600214516880,chatMessage,False
13,5f6156d4aa4f2b137cbb8b97,pilot_class_test,6774-10af739b-71c2-416e-babb-bbb7148f257d,1600214740429.0,undefined,C,Pi,1.0,12,0,0,2,great! now 8-9,12823,224983,1600214729040,1600214516880,chatMessage,False
14,5f6156ebaa4f2b137cbb8bae,pilot_class_test,6774-10af739b-71c2-416e-babb-bbb7148f257d,1600214763144.0,undefined,C,Pi,1.0,14,0,0,2,11-11,12620,247702,1600214751962,1600214516880,chatMessage,False
15,5f61571baa4f2b137cbb8be5,pilot_class_test,6774-10af739b-71c2-416e-babb-bbb7148f257d,1600214811812.0,undefined,C,Pi,1.0,16,0,0,2,hell yea we are almsot done now 10-11~~~ sitting on top of what we just placed,26248,296313,1600214786945,1600214516880,chatMessage,False
16,5f61573daa4f2b137cbb8c15,pilot_class_test,6774-10af739b-71c2-416e-babb-bbb7148f257d,1600214845968.0,undefined,L,Pi,2.0,0,0,0,2,2-3 ,20070,20070,1600214827135,1600214827135,chatMessage,False
17,5f615748aa4f2b137cbb8c1f,pilot_class_test,6774-10af739b-71c2-416e-babb-bbb7148f257d,1600214856899.0,undefined,L,Pi,2.0,2,0,0,2,4-5,4338,31182,1600214853979,1600214827135,chatMessage,False
18,5f615759aa4f2b137cbb8c32,pilot_class_test,6774-10af739b-71c2-416e-babb-bbb7148f257d,1600214873469.0,undefined,L,Pi,2.0,4,0,0,2,2-2,6034,47755,1600214868856,1600214827135,chatMessage,False
19,5f61576daa4f2b137cbb8c41,pilot_class_test,6774-10af739b-71c2-416e-babb-bbb7148f257d,1600214893193.0,undefined,L,Pi,2.0,6,0,0,2,2-2 again and thats it for the left,13546,67494,1600214881083,1600214827135,chatMessage,False
20,5f61577daa4f2b137cbb8c56,pilot_class_test,6774-10af739b-71c2-416e-babb-bbb7148f257d,1600214909001.0,undefined,L,Pi,2.0,8,0,0,2,8-8,7908,83299,1600214902526,1600214827135,chatMessage,False
21,5f615796aa4f2b137cbb8c7c,pilot_class_test,6774-10af739b-71c2-416e-babb-bbb7148f257d,1600214934844.0,undefined,L,Pi,2.0,10,0,0,2,8-9 on top of that,11291,109149,1600214924993,1600214827135,chatMessage,False
22,5f6157a7aa4f2b137cbb8c8e,pilot_class_test,6774-10af739b-71c2-416e-babb-bbb7148f257d,1600214951745.0,undefined,L,Pi,2.0,12,0,0,2,11-11,4339,126050,1600214948846,1600214827135,chatMessage,False
23,5f6157c5aa4f2b137cbb8cb5,pilot_class_test,6774-10af739b-71c2-416e-babb-bbb7148f257d,1600214981613.0,undefined,L,Pi,2.0,14,0,0,2,now 10-11 on top of that,9396,155915,1600214973654,1600214827135,chatMessage,False
24,5f6157d4aa4f2b137cbb8ccc,pilot_class_test,6774-10af739b-71c2-416e-babb-bbb7148f257d,1600214996107.0,undefined,Pi,L,3.0,0,1,0,2,2-2,5045,5045,1600214992496,1600214992496,chatMessage,False
25,5f6157e0aa4f2b137cbb8cdd,pilot_class_test,6774-10af739b-71c2-416e-babb-bbb7148f257d,1600215008776.0,undefined,Pi,L,3.0,2,1,0,2,2-3 on top,6339,17719,1600215003876,1600214992496,chatMessage,False
26,5f6157edaa4f2b137cbb8cef,pilot_class_test,6774-10af739b-71c2-416e-babb-bbb7148f257d,1600215021536.0,undefined,Pi,L,3.0,4,1,0,2,5-5,3632,30471,1600215019335,1600214992496,chatMessage,False
27,5f615809aa4f2b137cbb8d07,pilot_class_test,6774-10af739b-71c2-416e-babb-bbb7148f257d,1600215049188.0,undefined,Pi,L,3.0,6,1,0,2,4-5 on top,16336,58132,1600215034292,1600214992496,chatMessage,False
28,5f61581baa4f2b137cbb8d16,pilot_class_test,6774-10af739b-71c2-416e-babb-bbb7148f257d,1600215067355.0,undefined,Pi,L,3.0,8,1,0,2,8-9,10542,76287,1600215058241,1600214992496,chatMessage,False
29,5f61582eaa4f2b137cbb8d2f,pilot_class_test,6774-10af739b-71c2-416e-babb-bbb7148f257d,1600215086720.0,undefined,Pi,L,3.0,10,1,0,2,10-11,4358,95633,1600215083771,1600214992496,chatMessage,False
30,5f61583faa4f2b137cbb8d46,pilot_class_test,6774-10af739b-71c2-416e-babb-bbb7148f257d,1600215103328.0,undefined,Pi,L,3.0,12,1,0,2,8-8,4990,112260,1600215099766,1600214992496,chatMessage,False
31,5f61584faa4f2b137cbb8d51,pilot_class_test,6774-10af739b-71c2-416e-babb-bbb7148f257d,1600215119854.0,undefined,Pi,L,3.0,14,1,0,2,8-8 again,5995,128728,1600215115229,1600214992496,chatMessage,False
32,5f615863aa4f2b137cbb8d6f,pilot_class_test,6774-10af739b-71c2-416e-babb-bbb7148f257d,1600215139930.0,undefined,Pi,C,4.0,0,1,0,2,2-2,8596,8596,1600215132761,1600215132761,chatMessage,False
33,5f61586faa4f2b137cbb8d7e,pilot_class_test,6774-10af739b-71c2-416e-babb-bbb7148f257d,1600215151777.0,undefined,Pi,C,4.0,2,1,0,2,2-3 on top,6655,20450,1600215146556,1600215132761,chatMessage,False
34,5f615879aa4f2b137cbb8d8b,pilot_class_test,6774-10af739b-71c2-416e-babb-bbb7148f257d,1600215161273.0,undefined,Pi,C,4.0,4,1,0,2,5-5,3446,29951,1600215159266,1600215132761,chatMessage,False
35,5f615885aa4f2b137cbb8d96,pilot_class_test,6774-10af739b-71c2-416e-babb-bbb7148f257d,1600215173588.0,undefined,Pi,C,4.0,6,1,0,2,4-5 on top,4453,42219,1600215170527,1600215132761,chatMessage,False
36,5f615891aa4f2b137cbb8da3,pilot_class_test,6774-10af739b-71c2-416e-babb-bbb7148f257d,1600215185318.0,undefined,Pi,C,4.0,8,1,0,2,9-10,7638,53994,1600215179117,1600215132761,chatMessage,False
37,5f6158a3aa4f2b137cbb8db1,pilot_class_test,6774-10af739b-71c2-416e-babb-bbb7148f257d,1600215203889.0,undefined,Pi,C,4.0,10,1,0,2,9-9,3910,72312,1600215201163,1600215132761,chatMessage,False
38,5f6158caaa4f2b137cbb8dcf,pilot_class_test,6774-10af739b-71c2-416e-babb-bbb7148f257d,1600215242733.0,undefined,Pi,C,4.0,24,1,0,2,Vertical one on 9-9 on top of the blue,26842,111343,1600215217262,1600215132761,chatMessage,False
39,5f6158e8aa4f2b137cbb8dde,pilot_class_test,6774-10af739b-71c2-416e-babb-bbb7148f257d,1600215272913.0,undefined,Pi,C,4.0,26,1,0,2,YES! another 9-9 now on top of what was just placed,18055,141572,1600215256278,1600215132761,chatMessage,False
40,5f615900aa4f2b137cbb8dfb,pilot_class_test,6774-10af739b-71c2-416e-babb-bbb7148f257d,1600215296298.0,undefined,Pi,C,4.0,28,1,0,2,"A 9-10 now on top of that last one placed
",16217,164677,1600215281221,1600215132761,chatMessage,False
41,5f615914aa4f2b137cbb8e0d,pilot_class_test,6774-10af739b-71c2-416e-babb-bbb7148f257d,1600215316273.0,undefined,C,L,5.0,0,1,0,2,3-4,5918,5918,1600215311718,1600215311718,chatMessage,False
42,5f61591eaa4f2b137cbb8e16,pilot_class_test,6774-10af739b-71c2-416e-babb-bbb7148f257d,1600215326362.0,undefined,C,L,5.0,2,1,0,2,3-3,4350,16063,1600215323431,1600215311718,chatMessage,False
43,5f615934aa4f2b137cbb8e29,pilot_class_test,6774-10af739b-71c2-416e-babb-bbb7148f257d,1600215348026.0,undefined,C,L,5.0,4,1,0,2,"haha all good that was 4-4, try 3-3",16532,37739,1600215332925,1600215311718,chatMessage,False
44,5f61594daa4f2b137cbb8e3c,pilot_class_test,6774-10af739b-71c2-416e-babb-bbb7148f257d,1600215373247.0,undefined,C,L,5.0,6,1,0,2,there you go! now another 3-3,11570,62942,1600215363090,1600215311718,chatMessage,False
45,5f61595daa4f2b137cbb8e47,pilot_class_test,6774-10af739b-71c2-416e-babb-bbb7148f257d,1600215389517.0,undefined,C,L,5.0,8,1,0,2,and a 3-4 on top of that,10575,79226,1600215380369,1600215311718,chatMessage,False
46,5f61596caa4f2b137cbb8e51,pilot_class_test,6774-10af739b-71c2-416e-babb-bbb7148f257d,1600215404364.0,undefined,C,L,5.0,10,1,0,2,8-9,8242,93998,1600215397474,1600215311718,chatMessage,False
47,5f61597caa4f2b137cbb8e5d,pilot_class_test,6774-10af739b-71c2-416e-babb-bbb7148f257d,1600215420983.0,undefined,C,L,5.0,12,1,0,2,10-11,4805,110710,1600215417623,1600215311718,chatMessage,False
48,5f615987aa4f2b137cbb8e6c,pilot_class_test,6774-10af739b-71c2-416e-babb-bbb7148f257d,1600215431885.0,undefined,C,L,5.0,14,1,0,2,8-8,5379,121609,1600215427948,1600215311718,chatMessage,False
49,5f6159a1aa4f2b137cbb8e7f,pilot_class_test,6774-10af739b-71c2-416e-babb-bbb7148f257d,1600215457281.0,undefined,L,Pi,6.0,0,2,0,2,2-3,9139,9139,1600215449585,1600215449585,chatMessage,False
50,5f6159abaa4f2b137cbb8e86,pilot_class_test,6774-10af739b-71c2-416e-babb-bbb7148f257d,1600215467681.0,undefined,L,Pi,6.0,2,2,0,2,4-5,3214,19538,1600215465909,1600215449585,chatMessage,False
51,5f6159b5aa4f2b137cbb8e8c,pilot_class_test,6774-10af739b-71c2-416e-babb-bbb7148f257d,1600215477781.0,undefined,L,Pi,6.0,4,2,0,2,2-2,4869,29615,1600215474331,1600215449585,chatMessage,False
52,5f6159bdaa4f2b137cbb8e8f,pilot_class_test,6774-10af739b-71c2-416e-babb-bbb7148f257d,1600215485582.0,undefined,L,Pi,6.0,6,2,0,2,2-2,2983,37439,1600215484041,1600215449585,chatMessage,False
53,5f6159cbaa4f2b137cbb8e97,pilot_class_test,6774-10af739b-71c2-416e-babb-bbb7148f257d,1600215499043.0,undefined,L,Pi,6.0,8,2,0,2,8-8,8539,50905,1600215491951,1600215449585,chatMessage,False
54,5f6159e2aa4f2b137cbb8eab,pilot_class_test,6774-10af739b-71c2-416e-babb-bbb7148f257d,1600215522850.0,undefined,L,Pi,6.0,10,2,0,2,8-9 on top of that,8607,74712,1600215515690,1600215449585,chatMessage,False
55,5f6159f6aa4f2b137cbb8eb6,pilot_class_test,6774-10af739b-71c2-416e-babb-bbb7148f257d,1600215542997.0,undefined,L,Pi,6.0,12,2,0,2,11-11,4803,94857,1600215539639,1600215449585,chatMessage,False
56,5f615a05aa4f2b137cbb8ec2,pilot_class_test,6774-10af739b-71c2-416e-babb-bbb7148f257d,1600215557280.0,undefined,L,Pi,6.0,14,2,0,2,10-11 on top of that,7296,109144,1600215551433,1600215449585,chatMessage,False
57,5f615a15aa4f2b137cbb8ece,pilot_class_test,6774-10af739b-71c2-416e-babb-bbb7148f257d,1600215573005.0,undefined,C,Pi,7.0,0,2,0,2,3-4,7493,7493,1600215566959,1600215566959,chatMessage,False
58,5f615a28aa4f2b137cbb8ed7,pilot_class_test,6774-10af739b-71c2-416e-babb-bbb7148f257d,1600215592919.0,undefined,C,Pi,7.0,2,2,0,2,3-3,3862,27408,1600215590505,1600215566959,chatMessage,False
59,5f615a46aa4f2b137cbb8ee3,pilot_class_test,6774-10af739b-71c2-416e-babb-bbb7148f257d,1600215622905.0,undefined,C,Pi,7.0,4,2,0,2,3-3 again,9059,57394,1600215615294,1600215566959,chatMessage,False
60,5f615a50aa4f2b137cbb8ee8,pilot_class_test,6774-10af739b-71c2-416e-babb-bbb7148f257d,1600215632889.0,undefined,C,Pi,7.0,6,2,0,2,3-4 on top,5283,67378,1600215629054,1600215566959,chatMessage,False
61,5f615a5baa4f2b137cbb8eed,pilot_class_test,6774-10af739b-71c2-416e-babb-bbb7148f257d,1600215643653.0,undefined,C,Pi,7.0,8,2,0,2,8-8,4309,78135,1600215640785,1600215566959,chatMessage,False
62,5f615a6daa4f2b137cbb8ef3,pilot_class_test,6774-10af739b-71c2-416e-babb-bbb7148f257d,1600215661960.0,undefined,C,Pi,7.0,10,2,0,2,8-9 on top of that,8035,96401,1600215655325,1600215566959,chatMessage,False
63,5f615a79aa4f2b137cbb8ef6,pilot_class_test,6774-10af739b-71c2-416e-babb-bbb7148f257d,1600215673334.0,undefined,C,Pi,7.0,12,2,0,2,11-11,4141,107824,1600215670642,1600215566959,chatMessage,False
64,5f615a98aa4f2b137cbb8f0c,pilot_class_test,6774-10af739b-71c2-416e-babb-bbb7148f257d,1600215704303.0,undefined,C,Pi,7.0,14,2,0,2,10-11 on top,15152,138793,1600215690600,1600215566959,chatMessage,False
65,5f615ab8aa4f2b137cbb8f15,pilot_class_test,6774-10af739b-71c2-416e-babb-bbb7148f257d,1600215736068.0,undefined,L,C,8.0,0,2,0,2,2-3,17605,17605,1600215719902,1600215719902,chatMessage,False
66,5f615ac0aa4f2b137cbb8f19,pilot_class_test,6774-10af739b-71c2-416e-babb-bbb7148f257d,1600215744281.0,undefined,L,C,8.0,2,2,0,2,4-5,4942,25827,1600215740787,1600215719902,chatMessage,False
67,5f615acaaa4f2b137cbb8f1c,pilot_class_test,6774-10af739b-71c2-416e-babb-bbb7148f257d,1600215754016.0,undefined,L,C,8.0,4,2,0,2,2-2,3444,35566,1600215752024,1600215719902,chatMessage,False
68,5f615ad4aa4f2b137cbb8f1e,pilot_class_test,6774-10af739b-71c2-416e-babb-bbb7148f257d,1600215764707.0,undefined,L,C,8.0,6,2,0,2,2-2 again on top,6532,46254,1600215759624,1600215719902,chatMessage,False
69,5f615ae2aa4f2b137cbb8f22,pilot_class_test,6774-10af739b-71c2-416e-babb-bbb7148f257d,1600215778720.0,undefined,L,C,8.0,8,2,0,2,9-10,10704,60246,1600215769444,1600215719902,chatMessage,False
70,5f615aecaa4f2b137cbb8f25,pilot_class_test,6774-10af739b-71c2-416e-babb-bbb7148f257d,1600215788798.0,undefined,L,C,8.0,10,2,0,2,9-9,5242,70346,1600215785006,1600215719902,chatMessage,False
71,5f615af7aa4f2b137cbb8f2b,pilot_class_test,6774-10af739b-71c2-416e-babb-bbb7148f257d,1600215799952.0,undefined,L,C,8.0,12,2,0,2,9-9,3269,81501,1600215798134,1600215719902,chatMessage,False
72,5f615b01aa4f2b137cbb8f2e,pilot_class_test,6774-10af739b-71c2-416e-babb-bbb7148f257d,1600215809044.0,undefined,L,C,8.0,14,2,0,2,9-10,4744,90593,1600215805751,1600215719902,chatMessage,False
73,5f615b11aa4f2b137cbb8f32,pilot_class_test,6774-10af739b-71c2-416e-babb-bbb7148f257d,1600215825334.0,undefined,Pi,C,9.0,0,3,0,2,2-2,6544,6544,1600215820237,1600215820237,chatMessage,False
74,5f615b1baa4f2b137cbb8f35,pilot_class_test,6774-10af739b-71c2-416e-babb-bbb7148f257d,1600215835477.0,undefined,Pi,C,9.0,2,3,0,2,2-3 on top,5778,16690,1600215831149,1600215820237,chatMessage,False
75,5f615b24aa4f2b137cbb8f3a,pilot_class_test,6774-10af739b-71c2-416e-babb-bbb7148f257d,1600215844167.0,undefined,Pi,C,9.0,4,3,0,2,5-5,4063,25375,1600215841549,1600215820237,chatMessage,False
76,5f615b2faa4f2b137cbb8f3d,pilot_class_test,6774-10af739b-71c2-416e-babb-bbb7148f257d,1600215855222.0,undefined,Pi,C,9.0,6,3,0,2,4-5 on top,5381,36439,1600215851295,1600215820237,chatMessage,False
77,5f615b3caa4f2b137cbb8f3f,pilot_class_test,6774-10af739b-71c2-416e-babb-bbb7148f257d,1600215868510.0,undefined,Pi,C,9.0,8,3,0,2,9-10,9973,49698,1600215859962,1600215820237,chatMessage,False
78,5f615b44aa4f2b137cbb8f41,pilot_class_test,6774-10af739b-71c2-416e-babb-bbb7148f257d,1600215876307.0,undefined,Pi,C,9.0,10,3,0,2,9-9,3617,57515,1600215874135,1600215820237,chatMessage,False
79,5f615b4daa4f2b137cbb8f44,pilot_class_test,6774-10af739b-71c2-416e-babb-bbb7148f257d,1600215885088.0,undefined,Pi,C,9.0,12,3,0,2,9-9,3511,66303,1600215883029,1600215820237,chatMessage,False
80,5f615b58aa4f2b137cbb8f48,pilot_class_test,6774-10af739b-71c2-416e-babb-bbb7148f257d,1600215896835.0,undefined,Pi,C,9.0,14,3,0,2,9-10 on top,6142,78052,1600215892147,1600215820237,chatMessage,False
81,5f615b6aaa4f2b137cbb8f51,pilot_class_test,6774-10af739b-71c2-416e-babb-bbb7148f257d,1600215914829.0,undefined,C,L,10.0,0,3,0,2,3-4,6596,6596,1600215909685,1600215909685,chatMessage,False
82,5f615b72aa4f2b137cbb8f56,pilot_class_test,6774-10af739b-71c2-416e-babb-bbb7148f257d,1600215922724.0,undefined,C,L,10.0,2,3,0,2,3-3,3235,14492,1600215920942,1600215909685,chatMessage,False
83,5f615b79aa4f2b137cbb8f59,pilot_class_test,6774-10af739b-71c2-416e-babb-bbb7148f257d,1600215929550.0,undefined,C,L,10.0,4,3,0,2,3-3,2832,21319,1600215928172,1600215909685,chatMessage,False
84,5f615b83aa4f2b137cbb8f5b,pilot_class_test,6774-10af739b-71c2-416e-babb-bbb7148f257d,1600215939060.0,undefined,C,L,10.0,6,3,0,2,3-4 on top,6160,30829,1600215934354,1600215909685,chatMessage,False
85,5f615b8caa4f2b137cbb8f5d,pilot_class_test,6774-10af739b-71c2-416e-babb-bbb7148f257d,1600215948552.0,undefined,C,L,10.0,8,3,0,2,8-9,6072,40320,1600215943933,1600215909685,chatMessage,False
86,5f615b9aaa4f2b137cbb8f61,pilot_class_test,6774-10af739b-71c2-416e-babb-bbb7148f257d,1600215962000.0,undefined,C,L,10.0,10,3,0,2,10-11,6681,53770,1600215956774,1600215909685,chatMessage,False
87,5f615bb4aa4f2b137cbb8f68,pilot_class_test,6774-10af739b-71c2-416e-babb-bbb7148f257d,1600215988732.0,undefined,C,L,10.0,12,3,0,2,to the right on the one placed place another one 10-11,19505,80502,1600215970682,1600215909685,chatMessage,False
88,5f615bdcaa4f2b137cbb8f6a,pilot_class_test,6774-10af739b-71c2-416e-babb-bbb7148f257d,1600216028645.0,undefined,C,L,10.0,14,3,0,2,another at 8-8 ,16687,120383,1600216013381,1600215909685,chatMessage,False
89,5f615c00aa4f2b137cbb8f74,pilot_class_test,6774-10af739b-71c2-416e-babb-bbb7148f257d,1600216064100.0,undefined,C,L,10.0,16,3,0,2,horizontal block at 10-11 on the bottom,23626,155870,1600216041929,1600215909685,chatMessage,False
90,5f615c13aa4f2b137cbb8f78,pilot_class_test,6774-10af739b-71c2-416e-babb-bbb7148f257d,1600216083079.0,undefined,Pi,L,11.0,0,3,0,2,last round 2-2,9903,9903,1600216074631,1600216074631,chatMessage,False
91,5f615c1caa4f2b137cbb8f7b,pilot_class_test,6774-10af739b-71c2-416e-babb-bbb7148f257d,1600216092796.0,undefined,Pi,L,11.0,2,3,0,2,2-3 on top,5259,19621,1600216088993,1600216074631,chatMessage,False
92,5f615c25aa4f2b137cbb8f7d,pilot_class_test,6774-10af739b-71c2-416e-babb-bbb7148f257d,1600216101320.0,undefined,Pi,L,11.0,4,3,0,2,5-5,3928,28146,1600216098849,1600216074631,chatMessage,False
93,5f615c30aa4f2b137cbb8f80,pilot_class_test,6774-10af739b-71c2-416e-babb-bbb7148f257d,1600216112668.0,undefined,Pi,L,11.0,6,3,0,2,4-5 on top,5810,39495,1600216108316,1600216074631,chatMessage,False
94,5f615c42aa4f2b137cbb8f86,pilot_class_test,6774-10af739b-71c2-416e-babb-bbb7148f257d,1600216130185.0,undefined,Pi,L,11.0,8,3,0,2,8-9,13977,57012,1600216117666,1600216074631,chatMessage,False
95,5f615c4aaa4f2b137cbb8f8b,pilot_class_test,6774-10af739b-71c2-416e-babb-bbb7148f257d,1600216138670.0,undefined,Pi,L,11.0,10,3,0,2,8-8,3653,65493,1600216136471,1600216074631,chatMessage,False
96,5f615c55aa4f2b137cbb8f8d,pilot_class_test,6774-10af739b-71c2-416e-babb-bbb7148f257d,1600216149436.0,undefined,Pi,L,11.0,12,3,0,2,8-8,3415,76263,1600216147479,1600216074631,chatMessage,False
97,5f615c5eaa4f2b137cbb8f8f,pilot_class_test,6774-10af739b-71c2-416e-babb-bbb7148f257d,1600216158098.0,undefined,Pi,L,11.0,14,3,0,2,10-11,4436,84926,1600216155121,1600216074631,chatMessage,False
0,5f615197aa4f2b137cbb87a4,pilot_class_test,4696-d5519168-2546-45a9-87ce-5cd462324421,1600213399057.0,undefined,horizontal,vertical,,0,practice,0,1,blue block center on the first line~~~ red block directly to the left of second line,44809,44809,1600213373181,1600213373181,chatMessage,True
1,5f615224aa4f2b137cbb87d7,pilot_class_test,4696-d5519168-2546-45a9-87ce-5cd462324421,1600213540284.0,undefined,C,Pi,0.0,0,0,0,1,"first line half rectangle vertical center on line
second line in the middle of half a square",118626,118626,1600213440589,1600213440589,chatMessage,False
2,5f6152a4aa4f2b137cbb881d,pilot_class_test,4696-d5519168-2546-45a9-87ce-5cd462324421,1600213668696.0,undefined,C,Pi,0.0,2,0,0,1,another red on top of first red~~~ skip a box and put a blue on top~~~ red on both sides of blue you hav,53145,247038,1600213634482,1600213440589,chatMessage,False
3,5f615329aa4f2b137cbb8856,pilot_class_test,4696-d5519168-2546-45a9-87ce-5cd462324421,1600213801498.0,undefined,C,Pi,0.0,4,0,0,1,two blue boxes next to each other on top of the red on the second line,57232,379838,1600213763195,1600213440589,chatMessage,False
4,5f615399aa4f2b137cbb88aa,pilot_class_test,4696-d5519168-2546-45a9-87ce-5cd462324421,1600213913748.0,undefined,L,Pi,1.0,0,0,0,1,"1 B left of first line~~~ 2 R on top, 1 B on right of line (look like L)~~~ 2nd line same one last round",88582,88582,1600213844094,1600213844094,chatMessage,False
5,5f615440aa4f2b137cbb892c,pilot_class_test,4696-d5519168-2546-45a9-87ce-5cd462324421,1600214080420.0,undefined,L,C,2.0,0,0,0,1,1st line~~~ same last round but move the second R above 1st R~~~ 2nd line 1 B center 2 R left ab and 1 B,106739,106739,1600213992599,1600213992599,chatMessage,False
6,5f615519aa4f2b137cbb89e7,pilot_class_test,4696-d5519168-2546-45a9-87ce-5cd462324421,1600214297741.0,undefined,Pi,C,3.0,0,1,0,1,1st line in the mid of 2 R w 2 B above (blank square in mid) 2nd 1 B cent on line 2 R abov + 1 B ,119014,119014,1600214197651,1600214197651,chatMessage,False
7,5f615593aa4f2b137cbb8a65,pilot_class_test,4696-d5519168-2546-45a9-87ce-5cd462324421,1600214419285.0,undefined,C,L,4.0,0,1,0,1,1st line 1 B center~~~ 2 R on top of each other 1 B on 2nd R~~~ 2nd line is L shape center on line,72269,72269,1600214365940,1600214365940,chatMessage,False
8,5f615616aa4f2b137cbb8ace,pilot_class_test,4696-d5519168-2546-45a9-87ce-5cd462324421,1600214550128.0,undefined,C,L,4.0,2,1,0,1,two reds stacked on top of each other to the left of the blue on the second line,34784,203106,1600214534262,1600214365940,chatMessage,False
9,5f6156b3aa4f2b137cbb8b6d,pilot_class_test,4696-d5519168-2546-45a9-87ce-5cd462324421,1600214707520.0,undefined,Pi,L,5.0,0,1,0,1,L1: 1 R 2 spaces to left +right~~~ 2 B con above B L2: 2 B con @ center of line~~~ 2 R to left (L sha,141116,141116,1600214585325,1600214585325,chatMessage,False
10,5f615712aa4f2b137cbb8bd5,pilot_class_test,4696-d5519168-2546-45a9-87ce-5cd462324421,1600214802652.0,undefined,L,C,6.0,0,2,0,1,"1st L: same L shape as last round (2 B and 2 R) 2nd L: 1 B cent, 2 R stacked top and 1 B above",48745,48745,1600214772827,1600214772827,chatMessage,False
11,5f615773aa4f2b137cbb8c46,pilot_class_test,4696-d5519168-2546-45a9-87ce-5cd462324421,1600214899141.0,undefined,C,Pi,7.0,0,2,0,1,1st L: 1 B cent~~~ 2 R above and 1 B on top~~~ 2nd L: 1 R on left and right with space 1 betw 2 B con ab,69741,69741,1600214848318,1600214848318,chatMessage,False
12,5f61580eaa4f2b137cbb8d0c,pilot_class_test,4696-d5519168-2546-45a9-87ce-5cd462324421,1600215054016.0,undefined,L,Pi,8.0,0,2,0,1,1st L: L shape w 2 B cent and 2 R above left B 2nd L: 1 R on left and right w 1 space bet 2 B top ab,75318,75318,1600214997615,1600214997615,chatMessage,False
13,5f615873aa4f2b137cbb8d85,pilot_class_test,4696-d5519168-2546-45a9-87ce-5cd462324421,1600215155921.0,undefined,Pi,C,9.0,0,3,0,1,1st L: same as shape on last round 2nd line 2nd L: 1 B cent~~~ 2 R on top each other 1 B above 2nd R,56004,56004,1600215118834,1600215118834,chatMessage,False
14,5f6158d7aa4f2b137cbb8dd4,pilot_class_test,4696-d5519168-2546-45a9-87ce-5cd462324421,1600215255971.0,undefined,Pi,L,10.0,0,3,0,1,1st L: 1 Red left and right w 1 space betw~~~ 2 B con on top~~~ 2nd L: L shape 2 B on bot and 2 R ,46796,46796,1600215228088,1600215228088,chatMessage,False
15,5f615926aa4f2b137cbb8e1d,pilot_class_test,4696-d5519168-2546-45a9-87ce-5cd462324421,1600215334883.0,undefined,C,L,11.0,0,3,0,1,1st L: 1 B cent line~~~ 2 R on top each other 1 B on top 2nd R~~~ 2nd L: L shape from last round,37206,37206,1600215316585,1600215316585,chatMessage,False
0,5f6151e9aa4f2b137cbb87c3,pilot_class_test,1786-a6936885-95f9-4743-afdc-6177413228ad,1600213481945.0,undefined,horizontal,vertical,,0,practice,1,1,"1st red line, place blue block in middle~~~ 2nd red line, place red block left of line ",52939,52939,1600213428964,1600213428964,chatMessage,True
1,5f615251aa4f2b137cbb87ed,pilot_class_test,1786-a6936885-95f9-4743-afdc-6177413228ad,1600213585768.0,undefined,L,C,0.0,0,0,1,1,"1~~~ Make L with 2 blu blcks as base, centered~~~ 2~~~ Make C with one blue block, 3 red high, centered",79527,79527,1600213506205,1600213506205,chatMessage,False
2,5f615305aa4f2b137cbb8841,pilot_class_test,1786-a6936885-95f9-4743-afdc-6177413228ad,1600213765009.0,undefined,L,C,0.0,2,0,1,1,"Mke L cntred on 1st rd line~~~ w/ 2 blu blocks as base~~~ Mke C on 2nd red line 1 blue as base, 3 red hi",79311,258778,1600213685672,1600213506205,chatMessage,False
3,5f6153d7aa4f2b137cbb88da,pilot_class_test,1786-a6936885-95f9-4743-afdc-6177413228ad,1600213975608.0,undefined,C,Pi,1.0,0,0,1,1,"1st red line, C centered with 1 blue blk, 2 rd high~~~ Make half an O on 2nd rd line, 1 blu hi, 2 red ",85936,85936,1600213889634,1600213889634,chatMessage,False
4,5f6154a1aa4f2b137cbb897d,pilot_class_test,1786-a6936885-95f9-4743-afdc-6177413228ad,1600214177136.0,undefined,C,Pi,1.0,2,0,1,1,"2nd rd line, 2 red blocks placed 3 spaces up, centered~~~ place 2 blue blocks on edge, touching floor
",74782,287464,1600214102316,1600213889634,chatMessage,False
5,5f615567aa4f2b137cbb8a3a,pilot_class_test,1786-a6936885-95f9-4743-afdc-6177413228ad,1600214375956.0,undefined,C,Pi,1.0,4,0,1,1,"place 1 last blue block connecting red and blue block together 
",31436,486281,1600214344479,1600213889634,chatMessage,False
6,5f61559daa4f2b137cbb8a74,pilot_class_test,1786-a6936885-95f9-4743-afdc-6177413228ad,1600214429881.0,undefined,L,Pi,2.0,0,0,1,1,"Make the same L as round 1 (2 blue, 2 red), Make literally same half of O on second red line",44499,44499,1600214385336,1600214385336,chatMessage,False
7,5f615618aa4f2b137cbb8ad2,pilot_class_test,1786-a6936885-95f9-4743-afdc-6177413228ad,1600214552926.0,undefined,Pi,C,3.0,0,1,1,1,"make same half of O on 1st red line~~~ Make C on second red line, 1 blue, 2 red high, then 1 blue
",37749,37749,1600214515142,1600214515142,chatMessage,False
8,5f615672aa4f2b137cbb8b1f,pilot_class_test,1786-a6936885-95f9-4743-afdc-6177413228ad,1600214642901.0,undefined,C,L,4.0,0,1,1,1,"make same C on 1st red line, same L on 2 red line (2 blues centered, 2 red high)",28124,28124,1600214614734,1600214614734,chatMessage,False
9,5f6156cbaa4f2b137cbb8b89,pilot_class_test,1786-a6936885-95f9-4743-afdc-6177413228ad,1600214731403.0,undefined,Pi,L,5.0,0,1,1,1,"Make same half of O on first line~~~ Same L on second line (2 blues centered, then 2 red high)
",24457,24457,1600214706908,1600214706908,chatMessage,False
10,5f615702aa4f2b137cbb8bc9,pilot_class_test,1786-a6936885-95f9-4743-afdc-6177413228ad,1600214786248.0,undefined,L,Pi,6.0,0,2,1,1,"make same L on first line, half of an O on second line",11108,11108,1600214775100,1600214775100,chatMessage,False
11,5f61573eaa4f2b137cbb8c16,pilot_class_test,1786-a6936885-95f9-4743-afdc-6177413228ad,1600214846117.0,undefined,L,C,7.0,0,2,1,1,"L on first line~~~ Same skinny C on second line (1 blue, 2 red, 1 blue)",20964,20964,1600214825113,1600214825113,chatMessage,False
12,5f61576daa4f2b137cbb8c42,pilot_class_test,1786-a6936885-95f9-4743-afdc-6177413228ad,1600214893829.0,undefined,C,Pi,8.0,0,2,1,1,skinny C on first line~~~ Half an O on second line,13741,13741,1600214880045,1600214880045,chatMessage,False
13,5f615794aa4f2b137cbb8c78,pilot_class_test,1786-a6936885-95f9-4743-afdc-6177413228ad,1600214932732.0,undefined,C,L,9.0,0,3,1,1,"Skinny C on first line, L on second line ",11553,11553,1600214921102,1600214921102,chatMessage,False
14,5f6157bcaa4f2b137cbb8ca5,pilot_class_test,1786-a6936885-95f9-4743-afdc-6177413228ad,1600214972406.0,undefined,Pi,L,10.0,0,3,1,1,Half an O on first line~~~ L on second line,11677,11677,1600214960704,1600214960704,chatMessage,False
15,5f6157e3aa4f2b137cbb8ce1,pilot_class_test,1786-a6936885-95f9-4743-afdc-6177413228ad,1600215011664.0,undefined,Pi,C,11.0,0,3,1,1,"half an O on first line, skinny C on second line",14512,14512,1600214997129,1600214997129,chatMessage,False
0,5f61526caa4f2b137cbb87fb,pilot_class_test,6475-203868e0-8495-49d7-88d7-8c0be975e102,1600213612146.0,undefined,horizontal,vertical,,0,practice,1,0,R for red and Bl for blue~~~ numbers for x and letters for y~~~ A2r and A8bl,72004,72004,1600213540114,1600213540114,chatMessage,True
1,5f6152f1aa4f2b137cbb8833,pilot_class_test,6475-203868e0-8495-49d7-88d7-8c0be975e102,1600213745006.0,undefined,horizontal,vertical,,2,practice,1,0,"I explained that bad, lol~~~ lets do actual numbers (2,0) bl and (8,0) r~~~ ",75356,204867,1600213669625,1600213540114,chatMessage,True
2,5f615336aa4f2b137cbb885b,pilot_class_test,6475-203868e0-8495-49d7-88d7-8c0be975e102,1600213814120.0,undefined,horizontal,vertical,,0,practice,1,0,the blue block is in the first row 2 over~~~ The red is first row in front of second red tick,38262,38262,1600213775842,1600213775842,chatMessage,True
3,5f61537faa4f2b137cbb8890,pilot_class_test,6475-203868e0-8495-49d7-88d7-8c0be975e102,1600213887763.0,undefined,C,Pi,0.0,0,0,1,0,bl first row 2 over~~~ red on top of first box of blue block,30793,30793,1600213856951,1600213856951,chatMessage,False
4,5f615403aa4f2b137cbb88fa,pilot_class_test,6475-203868e0-8495-49d7-88d7-8c0be975e102,1600214019810.0,undefined,C,Pi,0.0,2,0,1,0,red on red and then blue on top with the first blocks lining up~~~ then r 1st row two before 2nd tick,77622,162840,1600213942169,1600213856951,chatMessage,False
5,5f6154abaa4f2b137cbb8987,pilot_class_test,6475-203868e0-8495-49d7-88d7-8c0be975e102,1600214187981.0,undefined,C,Pi,0.0,4,0,1,0,move the bl block on top of 1st tower~~~ mimick r on other side of tick&2 bl on top of each connecting,102710,331007,1600214085248,1600213856951,chatMessage,False
6,5f6154f3aa4f2b137cbb89c3,pilot_class_test,6475-203868e0-8495-49d7-88d7-8c0be975e102,1600214259119.0,undefined,L,C,1.0,0,0,1,0,put one blue on either side of first tick~~~ put two r stacked on first block of blue in 2nd column,39870,39870,1600214219216,1600214219216,chatMessage,False
7,5f61555baa4f2b137cbb8a30,pilot_class_test,6475-203868e0-8495-49d7-88d7-8c0be975e102,1600214363849.0,undefined,L,C,1.0,2,0,1,0,put bl next to other bl on other side of tick~~~ put another bl in middle of tick w 2 r stckd on top,59857,144609,1600214303968,1600214219216,chatMessage,False
8,5f61559aaa4f2b137cbb8a70,pilot_class_test,6475-203868e0-8495-49d7-88d7-8c0be975e102,1600214426391.0,undefined,L,C,1.0,4,0,1,0,put r block on left r and then put a blue on top,36809,207151,1600214389558,1600214219216,chatMessage,False
9,5f6155e1aa4f2b137cbb8a9e,pilot_class_test,6475-203868e0-8495-49d7-88d7-8c0be975e102,1600214497414.0,undefined,L,Pi,2.0,0,0,1,0,1 bl on each side of 1st tick~~~ stack 2 red on top of 2nd column,33702,33702,1600214463687,1600214463687,chatMessage,False
10,5f615648aa4f2b137cbb8b05,pilot_class_test,6475-203868e0-8495-49d7-88d7-8c0be975e102,1600214600808.0,undefined,L,Pi,2.0,2,0,1,0,"stack 2 red on top of 1st column~~~ 1 r on each side of 2nd tick 2nd block from tick
",69056,137094,1600214531725,1600214463687,chatMessage,False
11,5f6156c5aa4f2b137cbb8b81,pilot_class_test,6475-203868e0-8495-49d7-88d7-8c0be975e102,1600214725607.0,undefined,Pi,C,3.0,0,1,1,0,"okay lets do columns~~~ 1 r column 2, 1 blue in column covering 9,10",54438,54438,1600214671138,1600214671138,chatMessage,False
12,5f61570faa4f2b137cbb8bd1,pilot_class_test,6475-203868e0-8495-49d7-88d7-8c0be975e102,1600214799898.0,undefined,Pi,C,3.0,2,1,1,0,"2 blue row 3 covering column 2,3,4,5~~~ 1 r column 5 ",48648,128743,1600214751233,1600214671138,chatMessage,False
13,5f615769aa4f2b137cbb8c40,pilot_class_test,6475-203868e0-8495-49d7-88d7-8c0be975e102,1600214889956.0,undefined,Pi,C,3.0,4,1,1,0,"2 r stacked in column 9 with blue on top covering 9,10 in row 6
",49217,218800,1600214840721,1600214671138,chatMessage,False
14,5f6157afaa4f2b137cbb8c99,pilot_class_test,6475-203868e0-8495-49d7-88d7-8c0be975e102,1600214959358.0,undefined,C,L,4.0,0,1,1,0,"3 blue: row 1 covering 3,4 and 8,9,10,11",41369,41369,1600214917969,1600214917969,chatMessage,False
15,5f6157f4aa4f2b137cbb8cf6,pilot_class_test,6475-203868e0-8495-49d7-88d7-8c0be975e102,1600215028514.0,undefined,C,L,4.0,2,1,1,0,"4 red: 2 covering column 3 row 2,3,4,5 and 2 covering column 8 row 2,3,4,5",43781,110512,1600214984700,1600214917969,chatMessage,False
16,5f615859aa4f2b137cbb8d61,pilot_class_test,6475-203868e0-8495-49d7-88d7-8c0be975e102,1600215129858.0,undefined,C,L,4.0,4,1,1,0,"1 blue covering row 6  column 3,4 ",22507,211867,1600215107329,1600214917969,chatMessage,False
17,5f61589faa4f2b137cbb8dac,pilot_class_test,6475-203868e0-8495-49d7-88d7-8c0be975e102,1600215199053.0,undefined,Pi,L,5.0,0,1,1,0,"2 reds covering column 2 row 1,2 and column 5 row 1,2 
2 blues covering row 1 column 8,9,10,11",52027,52027,1600215147003,1600215147003,chatMessage,False
18,5f6158e6aa4f2b137cbb8ddc,pilot_class_test,6475-203868e0-8495-49d7-88d7-8c0be975e102,1600215270461.0,undefined,Pi,L,5.0,2,1,1,0,"2 reds column 8 row 2,3,4,5
2 blues row 3 column 2,3,4,5",28128,123433,1600215242308,1600215147003,chatMessage,False
19,5f615932aa4f2b137cbb8e28,pilot_class_test,6475-203868e0-8495-49d7-88d7-8c0be975e102,1600215346567.0,undefined,L,Pi,6.0,0,2,1,0,"2 blues row 1 column 2,3,4,5
2 reds column 1 row 2,3,4,5",24494,24494,1600215322047,1600215322047,chatMessage,False
20,5f615982aa4f2b137cbb8e66,pilot_class_test,6475-203868e0-8495-49d7-88d7-8c0be975e102,1600215426165.0,undefined,L,Pi,6.0,2,2,1,0,"my fault, the reds are column 2
2 more reds row 1 column 8 and 11
2 blues row 3 column 8,9,10,11",48101,104092,1600215378038,1600215322047,chatMessage,False
21,5f6159dfaa4f2b137cbb8eaa,pilot_class_test,6475-203868e0-8495-49d7-88d7-8c0be975e102,1600215519853.0,undefined,C,Pi,7.0,0,2,1,0,"1 blue row 1 column 3,4
2 reds column 3 row 2,3,4,5",26735,26735,1600215493091,1600215493091,chatMessage,False
22,5f615a13aa4f2b137cbb8ecc,pilot_class_test,6475-203868e0-8495-49d7-88d7-8c0be975e102,1600215571516.0,undefined,C,Pi,7.0,2,2,1,0,"3 blues row 6 column 3,4; row 3 column 8,9,10,11",30383,78396,1600215541104,1600215493091,chatMessage,False
23,5f615a6daa4f2b137cbb8ef2,pilot_class_test,6475-203868e0-8495-49d7-88d7-8c0be975e102,1600215661240.0,undefined,C,Pi,7.0,4,2,1,0,"2 reds column 8 and 11 covering row 2,3",33646,168118,1600215627563,1600215493091,chatMessage,False
24,5f615a9faa4f2b137cbb8f11,pilot_class_test,6475-203868e0-8495-49d7-88d7-8c0be975e102,1600215711675.0,undefined,L,C,8.0,0,2,1,0,"2 blue row 1 column 2,3,4,5
2 red column 2 row 2,3,4,5",23613,23613,1600215688030,1600215688030,chatMessage,False
25,5f615adbaa4f2b137cbb8f21,pilot_class_test,6475-203868e0-8495-49d7-88d7-8c0be975e102,1600215771946.0,undefined,L,C,8.0,2,2,1,0,"2 blue row 1 and row 6 column 9,10
",25393,83883,1600215746520,1600215688030,chatMessage,False
26,5f615b14aa4f2b137cbb8f34,pilot_class_test,6475-203868e0-8495-49d7-88d7-8c0be975e102,1600215828894.0,undefined,L,C,8.0,4,2,1,0,"2 red column 9 row 2,3,4,5",17574,140831,1600215811287,1600215688030,chatMessage,False
27,5f615b4caa4f2b137cbb8f43,pilot_class_test,6475-203868e0-8495-49d7-88d7-8c0be975e102,1600215884306.0,undefined,C,L,9.0,0,3,1,0,"3 blue row 1 column 3,4 and 8,9,10,11
4 red column 3 and 8 row 2,3,4,5",37140,37140,1600215847150,1600215847150,chatMessage,False
28,5f615b90aa4f2b137cbb8f5e,pilot_class_test,6475-203868e0-8495-49d7-88d7-8c0be975e102,1600215951999.0,undefined,C,L,9.0,2,3,1,0,"1 red column 3  row 4,5 and 1 blue row 6 column 3,4",25453,104833,1600215926530,1600215847150,chatMessage,False
29,5f615bedaa4f2b137cbb8f6d,pilot_class_test,6475-203868e0-8495-49d7-88d7-8c0be975e102,1600216045673.0,undefined,Pi,L,10.0,0,3,1,0,"4 blue:  2 row 3 column 2,3,4,5 and 2 row 1 column 8,9,10,11 2 red column 2 and 5 row 2,3 a",75005,75005,1600215970651,1600215970651,chatMessage,False
30,5f615c2baa4f2b137cbb8f7f,pilot_class_test,6475-203868e0-8495-49d7-88d7-8c0be975e102,1600216107489.0,undefined,Pi,L,10.0,2,3,1,0,"2 red column 8 row 2,3,4,5",25317,136822,1600216082156,1600215970651,chatMessage,False
31,5f615c61aa4f2b137cbb8f90,pilot_class_test,6475-203868e0-8495-49d7-88d7-8c0be975e102,1600216161003.0,undefined,Pi,C,11.0,0,3,1,0,2 red column 2 and 5 row 1 and 2,19773,19773,1600216141211,1600216141211,chatMessage,False
32,5f615c97aa4f2b137cbb8f95,pilot_class_test,6475-203868e0-8495-49d7-88d7-8c0be975e102,1600216215622.0,undefined,Pi,C,11.0,2,3,1,0,"4 blue; 2 row 3 column 2,3,4,5 and 2 row 1 and 6 column 9,10",31260,74390,1600216184341,1600216141211,chatMessage,False
33,5f615cd9aa4f2b137cbb8f98,pilot_class_test,6475-203868e0-8495-49d7-88d7-8c0be975e102,1600216281841.0,undefined,Pi,C,11.0,4,3,1,0,"2 blues row 1 and 6 column 9,10 and 2 reds column 9 row 2,3,4,5",23844,140610,1600216257977,1600216141211,chatMessage,False
0,5f61526faa4f2b137cbb87ff,pilot_class_test,5899-3498939c-cc6a-49ee-a2f4-f317b88ffb0c,1600213615781.0,undefined,horizontal,vertical,,0,practice,0,0,"do letters for y coordinates and numbers for x~~~ r for red, bl for blue~~~ A3A4bl~~~ A9B9r",80077,80077,1600213535807,1600213535807,chatMessage,True
1,5f6152e6aa4f2b137cbb8830,pilot_class_test,5899-3498939c-cc6a-49ee-a2f4-f317b88ffb0c,1600213734330.0,undefined,L,Pi,0.0,0,0,0,0,"A2A3bl, A4A5bl, B2C2r, D2E2r~~~ A8B8r, C8C9bl, C10C11bl, A11B11r",93848,93848,1600213640587,1600213640587,chatMessage,False
2,5f6153ceaa4f2b137cbb88d5,pilot_class_test,5899-3498939c-cc6a-49ee-a2f4-f317b88ffb0c,1600213966677.0,undefined,L,Pi,0.0,2,0,0,0,sorry! didn't know it was my turn~~~ same instructions you got it youre killing it,144810,326198,1600213821975,1600213640587,chatMessage,False
3,5f61543faa4f2b137cbb892a,pilot_class_test,5899-3498939c-cc6a-49ee-a2f4-f317b88ffb0c,1600214079818.0,undefined,L,C,1.0,0,0,0,0,"A2A3bl,A4A5bl, B2C2r,D2E2r~~~ A9A10bl, B9C9r, D9E9r, F9F10bl~~~",70133,70133,1600214009796,1600214009796,chatMessage,False
4,5f6154dbaa4f2b137cbb89a9,pilot_class_test,5899-3498939c-cc6a-49ee-a2f4-f317b88ffb0c,1600214235572.0,undefined,C,Pi,2.0,0,0,0,0,"ur a fkin legend~~~ A3A4bl, B3C3r, D3E3r, F3F4bl~~~  A8B8r, C8C9bl C10C11bl, A11B11r~~~",79185,79185,1600214156498,1600214156498,chatMessage,False
5,5f615564aa4f2b137cbb8a36,pilot_class_test,5899-3498939c-cc6a-49ee-a2f4-f317b88ffb0c,1600214372127.0,undefined,Pi,L,3.0,0,1,0,0,"ez~~~ A2B2r, C2C3bl, C4C5bl, A5B5r~~~    A8A9bl, A10A11bl, B8C8r, D8E8r",77206,77206,1600214295035,1600214295035,chatMessage,False
6,5f6155ecaa4f2b137cbb8aaa,pilot_class_test,5899-3498939c-cc6a-49ee-a2f4-f317b88ffb0c,1600214508428.0,undefined,Pi,C,4.0,0,1,0,0,"WERE THE BEST~~~  A2B2r, C2C3bl, C4C5bl, A5B5r~~~   A9A10bl, B9C9r, D9E9r, F9F10bl~~~",83019,83019,1600214425523,1600214425523,chatMessage,False
7,5f615677aa4f2b137cbb8b25,pilot_class_test,5899-3498939c-cc6a-49ee-a2f4-f317b88ffb0c,1600214647397.0,undefined,C,L,5.0,0,1,0,0,"big $$$$,~~~  A3A4bl, B3C3r, D3E3r, F3F4bl~~~    A8A9bl, A10A11bl,B8C8r, D8E8r",74304,74304,1600214573212,1600214573212,chatMessage,False
8,5f6156f1aa4f2b137cbb8bb6,pilot_class_test,5899-3498939c-cc6a-49ee-a2f4-f317b88ffb0c,1600214769774.0,undefined,L,C,6.0,0,2,0,0,"you deserve a nobel prize~~~ A2A3bl, A4A5bl, B2C2r, D2E2r~~~       A9A10bl, B9C9r, D9E9r, F9F10bl",78931,78931,1600214690963,1600214690963,chatMessage,False
9,5f615762aa4f2b137cbb8c3e,pilot_class_test,5899-3498939c-cc6a-49ee-a2f4-f317b88ffb0c,1600214882388.0,undefined,C,Pi,7.0,0,2,0,0,"your brain is a calculator~~~ A3A4bl, B3C3r, D3E3r, F3F4bl~~~     A8B8r, C8C9bl, C10C11bl, A11B11r",64126,64126,1600214818382,1600214818382,chatMessage,False
10,5f6157f6aa4f2b137cbb8cf7,pilot_class_test,5899-3498939c-cc6a-49ee-a2f4-f317b88ffb0c,1600215030192.0,undefined,L,Pi,8.0,0,2,0,0,"look at the 25c just racking up~~~ A2A3bl, A4A5bl, B2C2r, D2E2r~~~      A8B8r, C8C9bl, C10C11bl, A11B11r",91271,91271,1600214939047,1600214939047,chatMessage,False
11,5f615864aa4f2b137cbb8d70,pilot_class_test,5899-3498939c-cc6a-49ee-a2f4-f317b88ffb0c,1600215140146.0,undefined,C,L,9.0,0,3,0,0,"speedy mcgee over here~~~  A3A4bl, B3C3r, D3E3r, F3F4bl~~~    A8A9bl, A10A11bl, B8C8r, D8E8r",57065,57065,1600215083206,1600215083206,chatMessage,False
12,5f6158daaa4f2b137cbb8dd5,pilot_class_test,5899-3498939c-cc6a-49ee-a2f4-f317b88ffb0c,1600215258591.0,undefined,Pi,C,10.0,0,3,0,0,"i wanna be an architect now~~~  A2B2r, C2C3bl, C4C5bl, A5B5r~~~    A9A10bl, B9C9r, D9E9r, F9F10bl",65285,65285,1600215193435,1600215193435,chatMessage,False
13,5f615966aa4f2b137cbb8e4c,pilot_class_test,5899-3498939c-cc6a-49ee-a2f4-f317b88ffb0c,1600215398889.0,undefined,Pi,L,11.0,0,3,0,0,"u could be the next bob the builder~~~ A2B2r, C2C3bl, C4C5bl, A5B5r~~~   A8A9bl, A10A11bl, B8C8r, D8E8r",93698,93698,1600215305312,1600215305312,chatMessage,False
